año,mes,tipo_ingreso,ingreso_total
2022,10,Tarjetas,781320.0
2023,3,Rec.,933665.6
2021,11,Qr/val.,0.0
2022,3,Boletos,1.39847785E8
2022,1,Qr/validacion,3325.0
2022,8,Qr/validacion,0.0
2022,3,Tarjetas,1907940.0
2022,12,Bol.,1212875.0
2021,12,Qr/validación,306878.0
2021,11,Qr/validación,168470.0
2022,1,Boleto,1288025.0
2022,12,Tarjetas,897495.0
2022,10,Qr/validador,0.0
2022,3,Qr/validador,0.0
2022,12,Qr/validacion,0.0
2022,10,Recargas,2.8961609642102224E8
2022,1,Recargas,2.141461244664467E8
2022,10,Qr/validación,415695.0
2023,6,Qr/validacion,1880.0
2023,5,Tarjeta,24105.0
2022,10,Qr Validacion,0.0
2023,6,Tarj.,3150.0
2022,10,Bóletos,760775.0
2022,12,Recarga,567229.978440546
2023,7,Tarj.,3255.0
2023,6,Recargas,2.805705621904853E8
2023,3,Recarga,1462007.8
2023,1,Tarjetas,1432470.0
2023,7,Boleto,1715925.0
2022,12,Qr/validador,414810.0
2022,10,Codigo Qr,0.0
2022,1,Bol.,237775.0
2023,6,Boletos,1.2618078E8
2022,8,Recarga,3391078.0
2022,3,Qr/validación,356115.0
2023,7,Tarjeta,4785.0
2022,12,Boletos,1.43973365E8
2021,11,Qr/validador,0.0
2022,8,Tarj.,6210.0
2023,6,Boleto,0.0
2023,1,Recarga,319253.5
2021,11,Rec.,890582.0
2021,12,Qr/val.,0.0
2023,7,Bóletos,336550.0
2023,1,Boleto,466195.0
2022,1,Tarjetas,1761285.0
2022,3,Qr/val.,0.0
2023,5,Bóletos,525600.0
2023,5,Recargas,2.9210088806670344E8
2023,1,Qr/validacion,0.0
2022,1,Qr Validacion,0.0
2023,1,Qr/validador,397650.0
2023,7,Recargas,2.776377589999997E8
2022,10,Recarga,0.0
2022,10,Boletos,1.46621555E8
2023,1,Bol.,1305965.0
2022,3,Qr/validacion,0.0
2021,12,Tarjeta,8760.0
2021,11,Tarjeta,10830.0
2023,5,Boleto,860900.0
2021,12,Qr/validacion,0.0
2023,1,Recargas,2.624059398025964E8
2023,1,Tarjeta,3180.0
2023,5,Bol.,716680.0
2023,3,Tarjetas,1341525.0
2022,8,Qr/validador,0.0
2023,6,Tarjetas,1341135.0
2022,3,Recargas,2.66324039899612E8
2023,1,Boletos,1.2882713E8
2023,6,Rec.,836199.898645738
2023,1,Qr/validación,0.0
2023,3,Qr/validacion,0.0
2021,11,Recargas,2.3385311804914272E8
2023,7,Qr/validador,356475.0
2023,6,Bóletos,143500.0
2022,10,Qr Validación,0.0
2023,3,Qr/validación,0.0
2023,7,Recarga,713185.7
2022,8,Boletos,1.38305365E8
2022,1,Qr Validación,0.0
2021,12,Boletos,1.43445E8
2021,12,Tarjetas,2197830.0
2022,3,Bóletos,379080.0
2021,11,Tarj.,9000.0
2023,1,Tarj.,5175.0
2022,1,Rec.,343830.533553268
2023,6,Tarjeta,7710.0
2023,6,Qr/validador,38165.0
2022,10,Bol.,473300.0
2022,8,Tarjeta,24165.0
2022,10,Boleto,1624175.0
2022,8,Bol.,0.0
2021,11,Boletos,1.294914E8
2021,12,Tarj.,30900.0
2023,3,Qr Validacion,0.0
2022,12,Recargas,2.5850284476072872E8
2023,7,Qr Validacion,0.0
2022,3,Bol.,317750.0
2023,7,Rec.,888913.7
2021,12,Qr/validador,0.0
2022,8,Boleto,1830095.0
2022,10,Tarjeta,0.0
2022,12,Qr/validación,0.0
2022,3,Codigo Qr,0.0
2023,7,Qr/validación,0.0
2023,1,Qr Validacion,0.0
2023,6,Recarga,1619282.5
2023,6,Bol.,86375.0
2023,7,Tarjetas,2167590.0
2022,1,Boletos,1.1523213E8
2022,1,Qr/validación,264755.0
2022,1,Tarjeta,10830.0
2023,5,Recarga,205297.0
2023,5,Tarj.,3750.0
2021,12,Recarga,0.0
2022,8,Qr Validación,0.0
2021,12,Boleto,729150.0
2022,8,Rec.,863008.0
2022,10,Tarj.,3210.0
2022,8,Qr/validación,385920.0
2022,10,Qr/validacion,16805.0
2022,12,Boleto,448050.0
2022,8,Tarjetas,1859925.0
2021,11,Codigo Qr,0.0
2023,5,Tarjetas,1238955.0
2022,8,Recargas,2.7069565472934854E8
2023,1,Rec.,1776740.5
2021,11,Tarjetas,2094360.0
2023,3,Recargas,2.924399566756157E8
2022,3,Recarga,2418290.3
2023,3,Qr/validador,386480.0
2023,3,Boletos,1.34656735E8
2023,5,Boletos,1.27671005E8
2023,5,Qr/validador,356105.0
2022,1,Bóletos,270825.0
2022,12,Tarjeta,4095.0
2022,12,Rec.,577315.150727932
2022,10,Qr/val.,0.0
2023,7,Boletos,1.2246148E8
2022,3,Qr Validacion,0.0
2021,12,Recargas,2.4836559691586545E8
2023,1,Bóletos,391875.0
2023,3,Tarjeta,10005.0
2022,10,Rec.,197368.0
2023,3,Qr Validación,0.0
2022,1,Recarga,288132.0
2023,7,Qr/validacion,0.0
2022,12,Tarj.,2910.0
2022,4,Recarga,1310055.138227404
2013,7,Boleto,633015.0
2022,2,Tarj.,18915.0
2013,7,Recargas,1.9280710139000002E8
2022,2,Tarjeta,24990.0
2023,4,Bóletos,617825.0
2023,2,Qr/validador,360515.0
2022,7,Qr/validador,0.0
2022,5,Rec.,403596.3
2023,4,Qr/validador,339305.0
2022,7,Recargas,2.373596830544538E8
2022,4,Tarjetas,891900.0
2021,5,Tarj.,17295.0
2022,11,Tarjeta,3120.0
2022,9,Qr Validacion,0.0
2023,4,Tarj.,3810.0
2022,2,Qr/validación,285230.0
2013,7,Rec.,2096572.33
2022,6,Tarjetas,670080.0
2021,5,Recarga,59425.0
2022,7,Boletos,1.2715048E8
2022,6,Tarjeta,1410.0
2023,2,Recarga,1018832.876119562
2023,4,Qr/validacion,0.0
2016,12,Recargas,2.756606781E8
2022,6,Qr/val.,0.0
2022,4,Boletos,1.3222604E8
2013,7,Recarga,688079.0
2022,11,Recarga,1323738.7
2016,12,Recarga,152083.0
2022,5,Boleto,1195160.0
2022,2,Qr/val.,0.0
2016,12,Boleto,2739485.0
2023,4,Qr Validacion,0.0
2022,9,Qr/val.,0.0
2022,2,Recargas,2.1861683438817558E8
2022,6,Boleto,174850.0
2022,4,Qr/val.,0.0
2023,2,Boletos,1.2039947E8
2023,4,Boletos,1.19567745E8
2022,2,Qr Validacion,0.0
2022,7,Bol.,278850.0
2022,5,Tarjetas,675480.0
2023,2,Recargas,2.5929842001159966E8
2021,5,Bóletos,49450.0
2022,6,Recargas,2.622857324706206E8
2022,7,Qr/validación,338330.0
2022,4,Boleto,298700.0
2022,7,Rec.,316379.934153101
2022,5,Recargas,2.689016601213439E8
2022,11,Qr/validacion,0.0
2022,9,Boleto,1136895.0
2022,6,Qr/validación,351350.0
2023,2,Boleto,649250.0
2013,7,Tarjeta,34700.0
2023,4,Rec.,1658069.2999999998
2022,6,Qr/validador,12835.0
2016,12,Boletos,3.0141129E8
2016,12,Tarjetas,1591050.0
2022,4,Qr/validación,306210.0
2016,12,Rec.,219384.0
2022,11,Tarjetas,738510.0
2022,9,Recargas,2.6160185431027427E8
2022,7,Boleto,892025.0
2022,11,Rec.,1213958.543920264
2022,2,Tarjetas,1885830.0
2023,4,Boleto,1135000.0
2016,12,Bóletos,1996050.0
2022,9,Recarga,1808651.1
2023,4,Tarjeta,9075.0
2023,4,Qr/validación,0.0
2023,4,Qr Validación,0.0
2022,2,Boletos,1.17383525E8
2022,7,Recarga,1172780.489524738
2022,2,Rec.,611391.0
2023,2,Tarjetas,1294455.0
2013,7,Bóletos,1688040.0
2022,6,Tarj.,3480.0
2022,11,Qr/validación,405735.0
2022,9,Boletos,1.32271215E8
2016,12,Bol.,2462025.0
2022,7,Qr Validación,0.0
2021,5,Boletos,9.202497E7
2022,6,Recarga,726043.0
2013,7,Tarjetas,1641040.0
2021,5,Tarjetas,1618245.0
2021,5,Rec.,147231.0
2022,11,Recargas,2.552018528309641E8
2022,7,Tarjetas,1200405.0
2023,4,Recargas,2.5319863393017703E8
2022,4,Recargas,2.46143858112929E8
2022,7,Tarj.,4515.0
2022,9,Tarjeta,6810.0
2022,7,Qr/validacion,0.0
2022,11,Boleto,974650.0
2022,5,Boletos,1.45338245E8
2023,2,Qr/validacion,0.0
2022,11,Bóletos,1447540.0
2022,7,Tarjeta,4050.0
2022,6,Boletos,1.4344773E8
2022,4,Qr Validación,0.0
2022,5,Qr/validación,381420.0
2022,4,Qr/validador,0.0
2022,5,Tarjeta,2235.0
2021,5,Bol.,596175.0
2023,2,Tarjeta,7800.0
2022,9,Qr/validador,0.0
2022,6,Rec.,607771.3
2023,4,Bol.,675775.0
2022,5,Recarga,3355908.25
2021,5,Recargas,1.8335395122E8
2022,9,Bol.,153150.0
2022,2,Boleto,1183900.0
2022,9,Qr/validación,384245.0
2023,4,Tarjetas,1206765.0
2022,2,Recarga,1395814.3118244251
2022,9,Tarjetas,1498455.0
2022,4,Tarjeta,8850.0
2022,9,Qr Validación,0.0
2023,2,Rec.,1079146.2
2013,7,Tarj.,2630.0
2022,9,Qr/validacion,0.0
2013,7,Boletos,1.90696824E8
2021,5,Boleto,700100.0
2016,12,Tarjeta,290.0
2022,11,Boletos,1.37994095E8
2017,11,Tarj.,41720.0
2017,5,Tarjeta,0.0
2016,8,Boletos,3.10005625E8
2017,4,Recargas,2.623851186E8
2016,10,Tarj.,3300.0
2017,10,Bóletos,1510350.0
2017,10,Tarjetas,1485050.0
2021,7,Recarga,1031006.0
2013,10,Tarj.,39470.0
2017,5,Boleto,862675.0
2017,10,Tarjeta,0.0
2017,4,Bol.,558000.0
2017,3,Recarga,3148062.0
2013,10,Rec.,1091046.0
2017,3,Tarjeta,490.0
2018,1,Tarj.,0.0
2017,3,Recargas,3.083036885E8
2021,7,Boleto,413900.0
2017,11,Tarjetas,1969210.0
2017,8,Recarga,277564.0
2017,10,Boleto,2286675.0
2016,8,Tarjetas,1654670.0
2017,4,Boleto,2718815.0
2017,3,Boleto,364600.0
2017,8,Bóletos,791750.0
2018,1,Recargas,2.81748389E8
2013,10,Boletos,2.04320979E8
2017,3,Tarjetas,1498100.0
2017,5,Boletos,2.87523785E8
2017,3,Bóletos,237850.0
2021,6,Tarjeta,285.0
2018,1,Tarjeta,17740.0
2016,10,Boleto,1080275.0
2017,5,Rec.,2112116.0
2017,10,Boletos,2.9590896E8
2017,5,Bóletos,540000.0
2017,8,Tarjeta,250.0
2021,7,Bóletos,94025.0
2016,8,Boleto,1724100.0
2021,6,Tarj.,1245.0
2013,10,Recargas,2.1840675925000015E8
2016,10,Tarjeta,20210.0
2021,6,Boleto,230700.0
2017,3,Boletos,2.96713415E8
2013,10,Boleto,1279560.0
2017,8,Recargas,3.094378624E8
2016,8,Bol.,2202200.0
2017,10,Recarga,3644806.0
2016,10,Bóletos,1289250.0
2017,5,Bol.,231575.0
2017,8,Bol.,382850.0
2017,4,Rec.,696693.0
2016,10,Recarga,1892132.0
2017,11,Recargas,2.99398542E8
2017,4,Boletos,2.63845935E8
2016,10,Recargas,3.1018935249999994E8
2017,8,Tarjetas,1646470.0
2016,10,Rec.,1100205.0
2021,6,Tarjetas,1654350.0
2021,6,Boletos,1.0117091E8
2013,10,Tarjeta,4670.0
2016,8,Tarj.,1090.0
2017,5,Recargas,2.998608097E8
2016,8,Recargas,3.050069966E8
2016,10,Boletos,3.12622125E8
2017,11,Bóletos,658350.0
2021,6,Bol.,667500.0
2017,4,Recarga,2222977.0
2021,7,Tarj.,3645.0
2016,8,Tarjeta,0.0
2017,4,Tarjetas,1416130.0
2016,10,Tarjetas,1529160.0
2017,8,Boleto,1352750.0
2017,11,Tarjeta,1570.0
2021,6,Recargas,1.9725486950446862E8
2017,8,Rec.,742636.0
2018,1,Boleto,594250.0
2018,1,Boletos,2.73350535E8
2018,1,Recarga,1545110.0
2017,4,Bóletos,2656475.0
2018,1,Tarjetas,2630950.0
2017,8,Boletos,2.9574927E8
2017,10,Recargas,2.964863143E8
2013,10,Bóletos,1003395.0
2017,11,Bol.,1492940.0
2013,10,Tarjetas,2228760.0
2017,11,Boletos,2.8305707E8
2021,7,Tarjeta,13290.0
2021,7,Boletos,1.0938389E8
2017,5,Recarga,1686863.0
2021,6,Recarga,2495770.0
2017,11,Boleto,1269475.0
2021,7,Recargas,2.1191221429130462E8
2017,4,Tarjeta,2370.0
2021,7,Tarjetas,1689060.0
2017,5,Tarjetas,1520990.0
2014,8,Recarga,1203754.6
2021,10,Tarjeta,4710.0
2016,11,Recarga,1851405.0
2020,1,Bol.,481455.0
2017,7,Boletos,2.7844894E8
2012,12,Boletos,2.10429174E8
2016,7,Boleto,3390005.0
2012,12,Tarjetas,3365510.0
2014,8,Boletos,3.18413225E8
2013,12,Recargas,1.4533889674999997E8
2021,10,Boleto,345935.0
2014,8,Bóletos,1089650.0
2014,7,Rec.,945267.5
2012,12,Tarjeta,6800.0
2013,12,Tarjetas,1371790.0
2020,1,Rec.,1307533.0
2012,12,Rec.,95214.0
2016,9,Boletos,2.9750519E8
2014,7,Recarga,1228231.5
2014,7,Tarjeta,6680.0
2016,9,Tarjetas,1440600.0
2014,8,Rec.,294848.0
2016,11,Boletos,3.0006256E8
2012,12,Recargas,1.6190908215E8
2020,1,Tarj.,8610.0
2012,12,Bóletos,287520.0
2014,7,Tarjetas,1465070.0
2016,11,Bol.,308200.0
2014,7,Boletos,2.98252035E8
2017,12,Boleto,1229800.0
2016,7,Tarjetas,1301580.0
2017,7,Recargas,2.8120097579999995E8
2017,6,Recarga,5053031.2
2017,12,Bol.,875900.0
2014,7,Bol.,1945400.0
2016,7,Boletos,2.94411705E8
2017,7,Boleto,677225.0
2017,6,Boleto,589875.0
2016,11,Boleto,2265190.0
2016,7,Recarga,881996.0
2020,1,Tarjeta,34860.0
2014,7,Boleto,1410455.0
2020,1,Boletos,2.22391595E8
2013,12,Boletos,3.76425722E8
2021,10,Bóletos,417850.0
2014,7,Recargas,2.3966905207000023E8
2021,10,Recarga,2528529.8
2017,12,Recargas,2.71564958E8
2016,11,Tarjetas,1354150.0
2013,12,Boleto,4505875.0
2014,7,Tarj.,5040.0
2014,8,Tarj.,1140.0
2014,8,Bol.,0.0
2020,1,Tarjetas,2.0698155E7
2021,10,Tarj.,7800.0
2021,10,Bol.,429625.0
2017,12,Recarga,1903176.0
2014,8,Tarjeta,20670.0
2020,1,Recargas,3.38893482E8
2014,8,Recargas,2.6350125819000012E8
2016,9,Recarga,1494650.0
2017,7,Tarjetas,1525740.0
2016,7,Tarjeta,0.0
2016,9,Bol.,1056135.0
2017,12,Tarjetas,1322310.0
2021,10,Tarjetas,1844145.0
2017,6,Recargas,2.800394318E8
2021,10,Boletos,1.28345735E8
2017,12,Tarjeta,45020.0
2017,6,Tarjetas,1483740.0
2016,11,Tarjeta,48820.0
2013,12,Recarga,900437.0
2021,10,Rec.,952377.0
2013,12,Bóletos,564475.0
2017,12,Boletos,2.9120908E8
2017,6,Boletos,2.7946105E8
2012,12,Recarga,1130105.8
2021,10,Recargas,2.2570166228575554E8
2016,9,Recargas,2.8269530995E8
2016,7,Recargas,2.649176105E8
2012,12,Bol.,519450.0
2014,8,Boleto,2497560.0
2016,7,Rec.,979779.0
2014,8,Tarjetas,1625780.0
2012,12,Boleto,672450.0
2016,11,Recargas,2.94507766E8
2013,12,Tarjeta,850.0
2017,12,Tarj.,0.0
2017,12,Rec.,1698007.0
2017,6,Tarjeta,700.0
2016,9,Tarjeta,2780.0
2013,12,Bol.,2614401.0
2020,1,Bóletos,960600.0
2015,1,Bol.,1826300.0
2015,1,Recarga,3539474.9
2021,1,Boleto,151150.0
2013,11,Rec.,1055290.0
2020,3,Recargas,3.02017213E8
2014,5,Recargas,2.4999845945000017E8
2016,4,Recargas,2.899633703000001E8
2020,10,Recargas,2.46832309E8
2014,5,Tarjeta,3410.0
2020,3,Rec.,2943008.0
2019,12,Bol.,1267075.0
2019,12,Tarjeta,7520.0
2015,1,Recargas,2.4254101959000018E8
2013,11,Tarjeta,15030.0
2020,10,Boletos,7.3655975E7
2013,11,Recargas,2.1025635790000004E8
2019,12,Recargas,2.89433414E8
2015,5,Rec.,163226.0
2020,8,Rec.,68929.0
2021,1,Recargas,1.401937E8
2016,4,Recarga,202212.0
2020,10,Boleto,689750.0
2021,1,Bóletos,68350.0
2019,12,Boletos,2.379698E8
2015,5,Recargas,2.5626447497000033E8
2014,10,Tarjetas,1519990.0
2020,8,Tarjeta,27330.0
2020,3,Tarjeta,19875.0
2019,12,Recarga,2130576.0
2016,4,Tarjetas,1414220.0
2013,11,Tarj.,2540.0
2013,11,Boleto,3814131.0
2021,1,Tarjetas,1457775.0
2014,5,Bol.,1308875.0
2014,10,Recargas,2.674369807100003E8
2021,1,Recarga,1961966.0
2015,1,Rec.,275448.0
2016,4,Boleto,871550.0
2013,11,Bol.,244920.0
2015,5,Tarjetas,1456640.0
2014,3,Bóletos,1610925.0
2015,1,Boletos,3.05575035E8
2014,10,Boletos,3.2336304E8
2014,5,Boleto,576925.0
2013,11,Boletos,1.93963647E8
2014,5,Tarjetas,1489690.0
2016,4,Boletos,3.0130311E8
2016,4,Tarj.,0.0
2015,5,Tarjeta,6120.0
2015,5,Tarj.,3920.0
2020,3,Bóletos,0.0
2020,8,Tarjetas,3205935.0
2020,8,Boletos,7.1513585E7
2019,12,Tarjetas,3465715.0
2020,8,Tarj.,135.0
2016,4,Rec.,935052.0
2014,5,Boletos,3.0759107E8
2020,8,Recarga,471838.0
2020,3,Recarga,2866965.0
2014,5,Recarga,1195836.0
2019,12,Boleto,1744625.0
2020,10,Tarjetas,3362670.0
2013,11,Bóletos,443730.0
2021,1,Boletos,4.6796075E7
2020,8,Recargas,2.06633822E8
2021,1,Tarj.,2970.0
2014,3,Tarj.,34920.0
2020,10,Recarga,985558.0
2015,5,Boletos,3.1161797E8
2020,3,Boletos,1.5699855E8
2015,5,Bol.,0.0
2014,3,Recargas,2.6309549929000032E8
2014,3,Tarjetas,1569440.0
2019,12,Rec.,157959.0
2020,8,Boleto,173625.0
2016,4,Tarjeta,7910.0
2015,1,Tarjetas,1597680.0
2014,3,Rec.,898249.0
2013,11,Recarga,2035461.9000000001
2014,3,Boletos,2.9918866E8
2015,1,Tarjeta,5780.0
2014,10,Boleto,2619210.0
2021,1,Tarjeta,0.0
2020,10,Bóletos,158225.0
2014,10,Bóletos,740125.0
2014,10,Tarjeta,8310.0
2020,8,Bol.,77125.0
2020,3,Tarjetas,6180030.0
2014,3,Recarga,2145428.0
2014,5,Rec.,158057.0
2015,5,Recarga,1074091.0
2014,10,Recarga,299845.0
2013,11,Tarjetas,2717650.0
2014,3,Boleto,2570715.0
2015,1,Boleto,2618195.0
2020,3,Boleto,2071875.0
2013,5,Tarj.,41330.0
2014,6,Recarga,5311005.9
2015,7,Bol.,1279885.0
2014,6,Tarjeta,3090.0
2014,12,Recargas,2.352453765000001E8
2015,10,Boletos,3.30064345E8
2013,1,Tarjeta,10650.0
2015,3,Tarjeta,13330.0
2018,5,Recargas,3.12482362E8
2014,12,Tarjeta,4060.0
2020,12,Recarga,2253778.0
2020,12,Tarjeta,3840.0
2014,6,Bóletos,2396900.0
2013,1,Boletos,1.99420077E8
2020,7,Tarjetas,2684745.0
2015,3,Recarga,3232225.8
2020,12,Tarjetas,2407020.0
2015,8,Boletos,3.13934355E8
2015,7,Boletos,3.0149863E8
2013,1,Recarga,408818.3
2015,3,Tarj.,2240.0
2013,1,Boleto,0.0
2015,3,Boleto,1337325.0
2014,6,Tarjetas,1410560.0
2013,5,Boleto,606225.0
2015,7,Tarj.,590.0
2020,7,Boleto,55050.0
2014,6,Boletos,2.8622657E8
2014,12,Boletos,3.12925725E8
2018,7,Recargas,2.79868248E8
2018,7,Boletos,2.4785807E8
2018,5,Recarga,771663.0
2014,12,Tarjetas,1506200.0
2014,6,Bol.,2138055.0
2015,10,Tarjeta,9170.0
2015,10,Recarga,830797.0
2015,3,Recargas,2.5660885014000028E8
2020,12,Boleto,367950.0
2018,5,Rec.,1361796.0
2014,6,Boleto,3566100.0
2013,5,Boletos,1.99646259E8
2015,3,Rec.,721455.3
2018,5,Boletos,2.5933963E8
2018,5,Tarjetas,2199690.0
2015,7,Recarga,3404489.5999999996
2015,8,Recarga,2642463.0
2020,7,Recargas,1.79355884E8
2020,7,Tarjeta,13260.0
2015,8,Recargas,2.629051859E8
2015,10,Boleto,1217700.0
2014,12,Recarga,3633942.6
2015,7,Tarjetas,1418530.0
2015,8,Boleto,3233265.0
2013,5,Bol.,0.0
2015,8,Tarjeta,4060.0
2020,12,Bóletos,247575.0
2013,5,Tarjeta,5950.0
2015,10,Recargas,2.807308541E8
2014,12,Bol.,944425.0
2015,3,Tarjetas,1479340.0
2020,12,Boletos,8.391356E7
2020,7,Boletos,6.8134085E7
2013,5,Recarga,1359597.0
2015,7,Recargas,2.474157869E8
2014,12,Boleto,1009750.0
2015,7,Tarjeta,1490.0
2014,6,Recargas,2.350495623000002E8
2014,6,Rec.,238316.0
2013,1,Recargas,1.8156558319000003E8
2015,10,Tarjetas,1649370.0
2015,10,Rec.,716796.0
2015,3,Boletos,3.1224948E8
2015,8,Tarj.,5790.0
2018,5,Tarj.,5410.0
2018,7,Tarjeta,270.0
2015,7,Boleto,3350160.0
2018,5,Tarjeta,51260.0
2013,1,Tarjetas,2972130.0
2018,5,Boleto,3081875.0
2015,8,Tarjetas,1611490.0
2018,7,Recarga,4454661.0
2013,5,Tarjetas,2200970.0
2020,7,Bóletos,867730.0
2018,7,Tarjetas,1083530.0
2020,12,Recargas,2.18672359E8
2013,1,Bóletos,1153395.0
2013,5,Recargas,1.9278172411E8
2020,12,Bol.,63400.0
2020,7,Recarga,1706974.0
2015,12,Bol.,0.0
2019,3,Tarj.,0.0
2021,4,Boleto,68350.0
2014,1,Tarj.,5380.0
2016,6,Bóletos,1214550.0
2019,1,Recarga,436315.0
2013,3,Recargas,1.788693713E8
2015,6,Rec.,888953.35
2021,8,Tarjeta,1095.0
2016,6,Tarjeta,0.0
2013,3,Tarjetas,1868170.0
2019,5,Bol.,263125.0
2013,3,Boleto,1467285.0
2021,4,Tarj.,960.0
2019,3,Boletos,2.5086766E8
2016,6,Recargas,2.71583553E8
2014,1,Tarjetas,2042710.0
2019,1,Boletos,2.53666875E8
2016,1,Rec.,454583.0
2021,8,Tarjetas,1722465.0
2014,1,Recarga,1581710.0
2014,1,Recargas,2.268178364500001E8
2019,1,Recargas,2.87522408E8
2016,6,Rec.,666331.0
2019,5,Rec.,255588.0
2019,3,Tarjeta,0.0
2015,6,Tarjetas,1420610.0
2013,3,Boletos,1.90470981E8
2019,5,Tarjetas,1111620.0
2019,1,Rec.,1219951.0
2019,3,Boleto,313875.0
2016,1,Boletos,2.8657964E8
2019,3,Recarga,520694.0
2015,6,Boleto,255075.0
2021,4,Tarjetas,2116605.0
2021,8,Boletos,1.08066815E8
2015,12,Boleto,1266450.0
2021,8,Recargas,2.0762567845999995E8
2015,4,Boletos,2.8610689E8
2019,1,Boleto,618025.0
2016,6,Recarga,2966057.0
2016,1,Recargas,2.6766145129000002E8
2015,6,Recargas,2.5655687793000022E8
2013,3,Tarjeta,42700.0
2019,3,Bóletos,581250.0
2014,1,Boletos,2.9327221E8
2019,5,Boleto,1065055.0
2021,4,Recarga,486440.0
2021,8,Tarj.,735.0
2015,6,Bóletos,1787175.0
2019,5,Recarga,2040572.0
2015,12,Tarjetas,2186920.0
2015,12,Tarj.,2720.0
2021,4,Recargas,2.025456879730791E8
2019,1,Bol.,215875.0
2015,12,Tarjeta,5750.0
2015,12,Rec.,2147031.0
2014,1,Boleto,1561875.0
2014,1,Tarjeta,13640.0
2019,3,Rec.,5065223.0
2016,1,Tarjetas,1789990.0
2016,6,Tarjetas,1215840.0
2015,12,Recargas,2.6528606100000003E8
2019,5,Tarjeta,0.0
2015,6,Tarjeta,13280.0
2019,3,Recargas,2.76375978E8
2019,1,Bóletos,905325.0
2019,5,Bóletos,1472165.0
2015,6,Boletos,2.973301E8
2019,5,Recargas,2.68789684E8
2019,3,Bol.,1557930.0
2015,4,Tarjetas,1360790.0
2015,4,Rec.,217141.0
2013,3,Recarga,1317621.0
2015,4,Bóletos,634275.0
2016,6,Boletos,3.065838E8
2021,4,Tarjeta,11145.0
2019,1,Tarjeta,0.0
2021,8,Recarga,2886956.7
2016,1,Recarga,1128742.0
2015,6,Recarga,2745722.0
2019,1,Tarjetas,1206920.0
2019,5,Boletos,2.4904758E8
2015,4,Recargas,2.4313864948000017E8
2015,4,Bol.,1810775.0
2021,8,Bóletos,141100.0
2016,1,Bóletos,0.0
2015,4,Tarjeta,370.0
2015,4,Boleto,612625.0
2021,4,Boletos,8.057412E7
2015,12,Boletos,3.10380605E8
2019,3,Tarjetas,1171960.0
2014,4,Tarjeta,1330.0
2018,3,Recarga,755707.0
2014,9,Boleto,6301000.0
2013,4,Boletos,1.99820361E8
2018,8,Tarjeta,0.0
2018,3,Boletos,2.53982665E8
2020,9,Bóletos,80950.0
2019,10,Tarj.,33470.0
2019,10,Bol.,206950.0
2014,9,Boletos,2.96101775E8
2017,1,Boleto,3521850.0
2020,5,Tarjetas,1741905.0
2018,3,Boleto,569125.0
2021,3,Boleto,386925.0
2020,9,Boletos,6.4337585E7
2013,4,Tarjetas,2074950.0
2014,11,Tarjetas,1390510.0
2014,4,Boleto,7548130.0
2018,8,Boletos,2.70323465E8
2019,10,Tarjeta,133540.0
2019,7,Boleto,1656425.0
2020,9,Recarga,697691.0
2019,7,Tarj.,0.0
2019,7,Boletos,2.40324935E8
2014,9,Bóletos,128775.0
2013,4,Recargas,1.934375182E8
2020,9,Recargas,2.100882E8
2014,9,Tarjetas,1466800.0
2019,7,Tarjetas,1154760.0
2014,4,Tarjetas,1370810.0
2013,4,Bóletos,962322.0
2013,4,Recarga,2628367.3
2014,9,Tarj.,840.0
2017,1,Recarga,2854912.0
2014,9,Recargas,2.5235020050000027E8
2014,9,Recarga,1172818.0
2020,5,Bol.,135425.0
2021,3,Tarjeta,9210.0
2021,3,Tarjetas,2215320.0
2017,1,Bóletos,1869050.0
2018,3,Recargas,2.96433029E8
2021,3,Bóletos,604250.0
2014,9,Tarjeta,4220.0
2019,10,Recargas,2.89511182E8
2014,11,Boleto,1366100.0
2017,1,Boletos,2.82207585E8
2014,4,Recargas,2.2219158549000022E8
2018,8,Recarga,2463051.0
2019,10,Boletos,2.48624835E8
2017,1,Recargas,2.844311546E8
2017,1,Tarjetas,1804240.0
2014,4,Recarga,1977947.3
2013,4,Tarjeta,10060.0
2018,3,Tarj.,7400.0
2020,5,Recargas,1.08332232E8
2014,11,Tarjeta,21500.0
2019,7,Recarga,252754.0
2014,4,Rec.,955567.5
2020,9,Rec.,377106.0
2017,1,Bol.,1788875.0
2014,11,Recargas,2.4771066745000017E8
2018,8,Tarjetas,1175160.0
2019,10,Tarjetas,8353170.0
2020,5,Boleto,160825.0
2014,11,Tarj.,12270.0
2020,9,Tarjetas,3326340.0
2019,10,Recarga,746972.0
2019,7,Rec.,1893309.0
2019,7,Recargas,2.57821147E8
2017,1,Tarjeta,1880.0
2018,8,Boleto,601225.0
2018,8,Bol.,1520825.0
2014,11,Recarga,256512.0
2021,3,Recargas,2.19245143E8
2021,3,Boletos,8.3070615E7
2014,4,Boletos,2.80669055E8
2019,7,Bol.,1544845.0
2020,5,Boletos,4.2390265E7
2018,3,Tarjetas,2595440.0
2014,11,Boletos,2.98403025E8
2021,3,Rec.,531266.0
2020,9,Tarjeta,5640.0
2018,8,Recargas,3.1901556E8
2021,9,Tarjeta,12015.0
2018,6,Recargas,2.98059143E8
2018,4,Recargas,3.02874299E8
2019,8,Recarga,1029109.0
2018,9,Tarj.,0.0
2020,11,Recargas,2.2973242E8
2020,6,Tarjeta,13320.0
2020,2,Boletos,1.9035987E8
2020,6,Recarga,675439.0
2012,11,Tarjetas,6050920.0
2020,2,Tarjetas,1.529028E7
2019,8,Boletos,2.5989015E8
2019,4,Rec.,668178.0
2019,8,Boleto,3404435.0
2019,4,Boleto,1230660.0
2017,2,Tarjetas,1325560.0
2018,9,Boleto,665025.0
2012,11,Boleto,919542.0
2019,4,Boletos,2.38847655E8
2018,6,Boleto,1385175.0
2019,4,Recarga,5624358.0
2017,2,Boleto,0.0
2019,11,Recarga,1313664.0
2017,2,Bol.,0.0
2021,9,Recargas,2.024892215999998E8
2018,9,Rec.,658108.0
2021,9,Boletos,1.0936078E8
2018,4,Boletos,2.558751E8
2017,2,Tarj.,90.0
2020,6,Rec.,1299481.0
2019,11,Tarjeta,65260.0
2018,6,Tarjetas,1962520.0
2020,2,Bóletos,246900.0
2019,4,Recargas,2.49580923E8
2012,11,Boletos,2.18016942E8
2012,11,Tarjeta,11030.0
2018,9,Tarjeta,0.0
2017,2,Boletos,2.6898359E8
2020,11,Boleto,720445.0
2018,9,Recarga,325669.0
2012,11,Recarga,583491.3
2019,8,Recargas,2.72891353E8
2018,6,Recarga,1009532.0
2018,9,Recargas,2.95656114E8
2020,6,Tarj.,13005.0
2019,4,Bóletos,1532645.0
2019,11,Boletos,2.2945684E8
2020,2,Rec.,1589643.0
2019,11,Recargas,3.05667028E8
2019,11,Boleto,384500.0
2018,6,Boletos,2.48717425E8
2020,11,Boletos,7.848897E7
2019,4,Tarjeta,0.0
2012,11,Recargas,1.6464217904999998E8
2020,11,Tarj.,3825.0
2020,2,Recargas,3.87317268E8
2019,11,Tarj.,735.0
2018,4,Recarga,3923138.0
2019,4,Tarjetas,941790.0
2017,2,Recarga,905595.0
2021,9,Recarga,2536046.8
2021,9,Tarjetas,1757100.0
2019,4,Bol.,566175.0
2020,6,Boletos,5.0782285E7
2020,2,Tarjeta,124845.0
2018,9,Boletos,2.53716105E8
2020,11,Tarjeta,20640.0
2017,2,Recargas,2.78558833E8
2019,8,Tarjeta,0.0
2020,11,Tarjetas,2493540.0
2019,11,Rec.,657964.0
2020,2,Boleto,2483825.0
2019,8,Tarjetas,1236820.0
2020,6,Recargas,1.34429382E8
2018,4,Bol.,1599005.0
2021,9,Boleto,85925.0
2019,11,Tarjetas,4477130.0
2018,9,Tarjetas,1103690.0
2020,6,Tarjetas,2211240.0
2020,11,Rec.,562025.0
2018,4,Tarjeta,5310.0
2019,8,Tarj.,0.0
2020,2,Bol.,395950.0
2018,9,Bol.,92425.0
2018,4,Tarjetas,2308310.0
2015,9,Boleto,647800.0
2013,8,Recarga,1328423.5
2013,9,Tarj.,0.0
2016,5,Tarjetas,1190730.0
2018,10,Tarj.,0.0
2019,6,Tarj.,0.0
2015,9,Boletos,3.0123377E8
2013,9,Tarjeta,0.0
2015,9,Bol.,1642555.0
2018,10,Tarjetas,1136010.0
2013,6,Boleto,946770.0
2016,5,Boletos,3.1059545E8
2016,3,Boleto,1624825.0
2018,12,Recargas,2.59547836E8
2016,3,Tarjeta,0.0
2013,8,Tarjetas,1239800.0
2018,10,Boletos,2.7231886E8
2016,3,Recarga,3540581.0
2019,6,Tarjetas,1084530.0
2013,9,Bol.,2251470.0
2015,11,Tarj.,3280.0
2017,9,Bol.,430125.0
2017,9,Tarjeta,750.0
2017,9,Recargas,2.00261108E8
2019,6,Tarjeta,0.0
2016,3,Tarjetas,1653330.0
2020,4,Tarjeta,12720.0
2015,9,Tarjetas,1530250.0
2013,6,Recargas,1.8402642945000002E8
2018,10,Recargas,3.14099781E8
2013,8,Boletos,2.09496612E8
2018,10,Recarga,2616582.0
2015,11,Tarjeta,4390.0
2020,4,Boleto,143600.0
2016,5,Bóletos,1143500.0
2018,12,Rec.,1991138.0
2016,3,Recargas,2.4007558310000002E8
2017,9,Boletos,1.99178825E8
2013,6,Tarjetas,2165020.0
2013,6,Bol.,250680.0
2013,8,Recargas,2.1218828429999998E8
2020,4,Recarga,1668696.0
2019,6,Recarga,996359.0
2015,9,Rec.,1486735.0
2020,4,Boletos,5.220944E7
2018,10,Tarjeta,0.0
2013,6,Recarga,4011600.7
2016,3,Boletos,2.650844E8
2018,12,Bol.,1548200.0
2013,6,Tarjeta,24930.0
2013,6,Tarj.,3120.0
2016,5,Recargas,2.8592038600000006E8
2015,11,Tarjetas,1524440.0
2013,9,Recargas,2.0006974195000005E8
2015,11,Boletos,3.07329445E8
2013,6,Boletos,1.8725055E8
2018,12,Recarga,3605621.0
2018,12,Tarjetas,1238800.0
2017,9,Tarjetas,1138570.0
2017,9,Rec.,725415.0
2020,4,Tarjetas,2107275.0
2019,6,Boletos,2.4353628E8
2015,9,Recargas,2.565617197E8
2013,9,Boleto,1011465.0
2013,9,Tarjetas,1123990.0
2017,9,Boleto,1647150.0
2017,9,Tarj.,10.0
2018,12,Boletos,2.59188095E8
2013,9,Boletos,1.90286034E8
2019,6,Recargas,2.5755297E8
2017,9,Recarga,5407335.0
2018,10,Boleto,3527205.0
2016,5,Recarga,953925.0
2015,11,Recargas,2.713384088000001E8
2015,9,Bóletos,1900025.0
2013,9,Recarga,500847.0
2015,9,Tarjeta,1420.0
2016,5,Tarjeta,0.0
2020,4,Recargas,1.11064778E8
2013,2,Boleto,1839045.0
2019,9,Tarjetas,1157310.0
2012,3,Recarga,124850.5
2012,10,Recarga,286029.5
2016,2,Recarga,168378.0
2014,2,Recargas,2.4116105655000022E8
2018,2,Boletos,2.45662065E8
2015,2,Boleto,2037875.0
2014,2,Recarga,1366604.3
2016,2,Recargas,2.854335863E8
2019,9,Rec.,1121684.0
2014,2,Boleto,1007875.0
2018,2,Recargas,2.83208507E8
2018,2,Rec.,210088.0
2012,9,Tarjetas,964060.0
2013,2,Bóletos,505110.0
2013,2,Recargas,1.7878023595000002E8
2012,9,Boleto,3849927.0
2012,3,Tarjeta,18170.0
2012,3,Tarjetas,929290.0
2015,2,Recargas,2.4469772995000023E8
2013,2,Tarj.,1790.0
2012,1,Boleto,3195519.0
2012,1,Recargas,1.2676786269999997E8
2012,5,Boleto,701970.0
2019,9,Boleto,526910.0
2018,11,Boletos,2.55646275E8
2012,9,Rec.,126670.0
2019,9,Tarjeta,0.0
2012,5,Boletos,2.36683275E8
2016,2,Tarjetas,1074170.0
2012,5,Bol.,1343883.0
2012,3,Tarj.,3580.0
2019,9,Tarj.,45780.0
2012,1,Tarjeta,7330.0
2012,5,Tarjeta,0.0
2019,9,Recargas,2.56594026E8
2014,2,Rec.,1501832.0
2012,3,Boletos,2.38362156E8
2015,2,Recarga,1860266.3
2018,11,Recargas,2.84405481E8
2018,2,Boleto,3973750.0
2012,9,Recarga,561965.5
2013,2,Recarga,1162308.3
2013,2,Tarjeta,15430.0
2014,2,Bol.,4181780.0
2019,9,Boletos,2.42784075E8
2016,2,Tarjeta,43100.0
2016,2,Boletos,2.7900181E8
2018,2,Bóletos,1887275.0
2018,11,Tarjeta,0.0
2018,11,Bol.,1385750.0
2012,10,Rec.,853696.0
2012,10,Tarjetas,2280420.0
2018,2,Recarga,747868.0
2012,5,Tarjetas,42410.0
2016,2,Bol.,2448425.0
2018,11,Recarga,2383703.0
2012,9,Tarj.,0.0
2019,9,Bóletos,123325.0
2014,2,Tarjetas,1832820.0
2012,3,Boleto,1041969.0
2013,2,Boletos,1.79216355E8
2012,5,Rec.,413634.3
2012,10,Bóletos,1211136.0
2012,5,Recarga,144200.0
2016,2,Rec.,1531484.0
2018,2,Tarjeta,5460.0
2012,1,Tarjetas,1221740.0
2012,1,Tarj.,3350.0
2018,2,Tarjetas,2824110.0
2012,3,Recargas,1.3187059189999998E8
2012,9,Recargas,1.1496200759999998E8
2012,10,Recargas,1.3469385309999996E8
2012,10,Boletos,2.55276369E8
2016,2,Bóletos,244700.0
2018,11,Boleto,2485900.0
2012,10,Tarjeta,0.0
2015,2,Bol.,706550.0
2012,1,Boletos,2.29683174E8
2015,2,Boletos,2.83758745E8
2015,2,Tarjeta,19740.0
2012,9,Boletos,2.42991567E8
2016,2,Boleto,2511625.0
2012,10,Boleto,774870.0
2013,2,Tarjetas,2420920.0
2014,2,Tarjeta,5380.0
2012,5,Recargas,1.2663677786999999E8
2014,2,Boletos,2.70715555E8
2015,2,Tarjetas,1395890.0
2018,11,Tarjetas,1119600.0
2021,2,Tarjeta,3165.0
2019,2,Tarjeta,43380.0
2012,7,Tarjetas,0.0
2012,6,Recargas,1.1574885729999998E8
2021,2,Boletos,6.336143E7
2012,8,Tarjeta,0.0
2021,2,Recarga,3040798.0
2012,8,Recarga,1389474.3
2012,8,Recargas,1.1194443729999992E8
2012,6,Rec.,728319.0
2012,7,Tarjeta,0.0
2021,2,Bóletos,188775.0
2012,4,Recargas,1.1473650399999996E8
2021,2,Recargas,1.74752558E8
2012,2,Bol.,929865.0
2012,6,Boletos,2.3773224E8
2012,2,Tarjetas,1032470.0
2012,8,Boleto,1192830.0
2019,2,Tarjetas,1026900.0
2012,4,Tarjeta,3270.0
2012,6,Boleto,2804376.0
2012,2,Recargas,1.1924484309999996E8
2012,6,Tarjeta,0.0
2012,7,Bol.,717405.0
2012,2,Bóletos,745809.0
2019,2,Recarga,429583.0
2012,4,Recarga,960620.0
2012,7,Bóletos,169725.0
2012,2,Tarjeta,9780.0
2012,6,Tarjetas,10.0
2012,8,Rec.,304232.5
2012,4,Tarjetas,782210.0
2012,2,Recarga,1843464.5
2012,8,Tarj.,0.0
2019,2,Boleto,4859020.0
2012,4,Tarj.,3190.0
2012,4,Bóletos,1253874.0
2019,2,Boletos,2.2720505E8
2012,7,Recargas,1.0695872589999998E8
2019,2,Recargas,2.64772469E8
2012,8,Tarjetas,12000.0
2012,2,Boletos,2.23740402E8
2012,7,Boletos,2.31573648E8
2012,6,Tarj.,0.0
2012,7,Recarga,1541438.0
2021,2,Boleto,550000.0
2012,2,Rec.,103254.0
2012,4,Boletos,2.17238532E8
2012,8,Boletos,2.55973881E8
2012,6,Recarga,64580.0
2021,2,Tarjetas,1674435.0
