año,mes,linea,afluencia_total,ingreso_total,ingreso_por_pasajero
2023,5,Línea 9,8316088,3.660815553067814E7,4.402088521751831
2022,3,Línea 2,14076418,6.716763383581701E7,4.77164246158483
2021,11,Línea 2,11983081,5.749143504844968E7,4.797717302290595
2023,5,Línea 8,10841674,4.720047302565543E7,4.353614859260243
2023,6,Línea 6,3299227,1.2291194659343068E7,3.7254771070141786
2023,1,Línea B,10397202,4.878194005322956E7,4.691833442615577
2022,1,Línea 4,1383626,6232157.185285422,4.504220927682352
2022,12,Línea 4,2323515,1.016934975497105E7,4.376709319703574
2023,3,Línea 5,5432478,2.3866465441595595E7,4.393292608197511
2023,3,Línea 8,11387889,4.879618402310881E7,4.28491918239709
2022,12,Línea A,6553942,3.221158160443459E7,4.914840809460107
2022,12,Línea B,11048920,5.109342749839737E7,4.624291559573005
2023,3,Línea 7,6570171,3.415239049998186E7,5.198097659860277
2023,3,Línea 3,16011385,6.682087651984395E7,4.173335193666504
2021,12,Línea 6,2558355,1.0237945882212494E7,4.001769059498191
2022,10,Línea 1,5041659,2.3379753462414205E7,4.637313523666358
2021,12,Línea 3,11861074,5.669838173475176E7,4.780206390648247
2022,8,Línea A,6997864,3.4905345001596466E7,4.987999909914864
2023,7,Línea 4,2155782,8788037.663466236,4.076496446981298
2023,7,Línea 7,6005462,3.2900857082095332E7,5.478488929260618
2023,3,Línea 1,5262816,2.1699227305152647E7,4.123121025920847
2022,10,Línea 8,11067396,4.91281675206324E7,4.438999699715489
2021,12,Línea 4,1849291,8133375.176007759,4.398104557913146
2022,8,Línea 8,10114194,4.701514980994024E7,4.6484326689739435
2022,8,Línea 5,4960401,2.30977005633916E7,4.656418012050155
2022,10,Línea 9,8861070,3.949100404864389E7,4.456685710489126
2021,12,Línea B,9724352,4.718887413752426E7,4.852649733115817
2021,11,Línea 3,11405759,5.4512848694540635E7,4.779414390093692
2021,11,Línea 8,8441251,3.7752904566730194E7,4.472430042268639
2022,1,Línea 6,2171367,8011811.797686068,3.689754793955176
2023,7,Línea 12,3605311,1.939348198484358E7,5.379142599582554
2023,5,Línea 5,5035802,2.332148986027711E7,4.631137177410293
2023,1,Línea 7,5988775,3.1251851156281836E7,5.218404624699014
2023,5,Línea 12,3041032,1.5703828634324718E7,5.163980068057396
2022,3,Línea 8,9153374,4.147049366379802E7,4.530623752924115
2023,3,Línea B,11283675,5.184445199954526E7,4.5946424369316965
2022,3,Línea 1,13597153,6.250138071007965E7,4.596652013114778
2022,8,Línea 7,6138866,3.4293892152762294E7,5.586356202067661
2021,11,Línea 12,5000,0.0,0.0
2021,12,Línea 9,6105831,2.89798802710358E7,4.7462630837695645
2023,5,Línea 2,17099297,7.455551158253296E7,4.360150688214431
2022,10,Línea 2,16926059,8.439490253901125E7,4.986092896108377
2022,12,Línea 6,3369133,1.2793459411313E7,3.7972556771469095
2023,5,Línea 4,2236775,9749670.391584853,4.358806939269642
2023,7,Línea 9,7458156,3.3024786400441617E7,4.428009604578078
2023,6,Línea 7,6125966,3.427633268626254E7,5.59525349736883
2022,12,Línea 2,16250747,7.960117756953107E7,4.898308832789722
2023,5,Línea 1,5213191,2.0926566626582395E7,4.014156900559062
2021,12,Línea 2,13051418,6.3747973384387426E7,4.884371444113385
2023,1,Línea 2,14739566,7.3001772224355E7,4.95277623671925
2021,12,Línea 8,9149471,4.11936103310704E7,4.502294212536484
2023,5,Línea 7,6441115,3.493659966499998E7,5.423998743230012
2023,3,Línea 9,8668395,3.766048034585419E7,4.344573631664708
2023,6,Línea 5,4902399,2.110363074844803E7,4.304755844729902
2023,7,Línea 1,5143870,2.1892746181614645E7,4.256084656419125
2022,12,Línea 5,4916932,2.2074037632651053E7,4.489392497730506
2022,10,Línea A,7120208,3.4509670201954454E7,4.846722202771949
2022,3,Línea B,9439860,4.762937780931957E7,5.045559765644784
2022,1,Línea A,4138929,2.484597924314415E7,6.002997210907496
2022,8,Línea 6,3296262,1.3274556598071618E7,4.0271545763266445
2023,1,Línea 5,4685686,2.2331718750690706E7,4.765944357067611
2023,6,Línea 4,2157781,9078326.293050194,4.207251010667994
2022,12,Línea 1,4677371,2.0896416643784054E7,4.467555950508107
2022,10,Línea 3,16022191,7.209743352285321E7,4.499848586429485
2023,7,Línea 5,4614584,2.1097601295592718E7,4.5719400265750325
2022,8,Línea 3,15726049,6.542393843000236E7,4.160227303755849
2023,7,Línea B,10227666,4.823803818214267E7,4.7164268154770275
2023,5,Línea 3,15220018,6.289533908914077E7,4.1324089819828576
2022,8,Línea 4,2259911,9578346.477871934,4.238373315529653
2023,3,Línea 4,2356112,9691656.730934536,4.113410878147786
2022,10,Línea 4,2315659,1.053004022392222E7,4.547319024054154
2021,11,Línea A,5013122,2.7433666981693175E7,5.472371704038556
2023,6,Línea 9,7879559,3.3798940081783056E7,4.289445650674493
2022,10,Línea 6,3426352,1.32808524214876E7,3.8760910792258354
2022,1,Línea 9,5487524,2.5353913066081963E7,4.620282857274422
2022,8,Línea 1,4388003,2.229304333119298E7,5.080453074255642
2022,3,Línea 5,5010006,2.1340102710546117E7,4.259496437837822
2023,3,Línea 6,3598549,1.3795360730366537E7,3.8335897969894357
2022,1,Línea 7,4296613,2.3742559741853286E7,5.525878114192106
2023,6,Línea 8,10956927,4.5525719638995215E7,4.154971520664071
2023,3,Línea 2,17264864,7.700677518104751E7,4.46031750849862
2022,12,Línea 9,7873247,3.448111406275959E7,4.379529063772494
2021,12,Línea A,5218251,2.970626584207693E7,5.692762928053275
2021,11,Línea 5,4224342,1.801983932083333E7,4.265715067774657
2023,1,Línea 4,2152135,9485031.907329075,4.407266229734229
2023,6,Línea 12,3008983,1.5233652297522323E7,5.062724614104607
2022,3,Línea 3,13007017,6.099296341368465E7,4.689235311500297
2023,6,Línea 3,14557591,6.342271744919868E7,4.356676695285551
2023,6,Línea 1,5148442,2.1455483988957137E7,4.167374127737506
2021,11,Línea 4,1653510,7240924.300128033,4.3791233800388465
2022,1,Línea 2,10844764,5.444851203144916E7,5.020718941550887
2022,10,Línea 7,6445964,3.602165231922027E7,5.588249068598625
2022,12,Línea 12,5000,12000.0,2.4
2023,6,Línea 2,16881669,7.671949001029854E7,4.544544144912362
2023,7,Línea 3,13444853,6.251404750583646E7,4.649663890400026
2022,3,Línea 9,6839156,3.1371270751172803E7,4.587009091644174
2022,3,Línea A,5716439,2.9742609237262934E7,5.202995997554235
2022,1,Línea 3,10212687,4.843117143419182E7,4.74225553316104
2022,12,Línea 3,14065240,6.3275497488437474E7,4.498714383006438
2022,1,Línea B,7804945,3.902231459702999E7,4.999691169768652
2023,7,Línea 6,3040721,1.1840051929685496E7,3.89383042037908
2022,12,Línea 8,10784350,4.745248588234529E7,4.40012479957951
2023,1,Línea 9,7819720,3.5060000677428804E7,4.483536581543688
2021,12,Línea 7,5039561,2.822223551406181E7,5.6001376933549984
2022,12,Línea 7,5904441,3.2540442341272663E7,5.511180879150569
2022,8,Línea B,10552883,5.329110149179886E7,5.0499092515096455
2023,7,Línea A,5988318,2.9561030448915437E7,4.9364496756711045
2022,3,Línea 7,5467862,2.9983176420077976E7,5.483528373627201
2023,7,Línea 2,16588692,7.629082742415307E7,4.598965815035512
2023,3,Línea 12,2895409,1.3292439677483648E7,4.5908677072854465
2023,1,Línea 8,10516128,4.558331078407857E7,4.334609733171617
2022,1,Línea 1,11820202,5.320427615435964E7,4.501130873597561
2023,1,Línea 3,13477336,6.0402396140940085E7,4.481775637332191
2022,3,Línea 6,2839267,1.129866807636289E7,3.979431337863924
2023,3,Línea A,6771493,3.2604066620701242E7,4.814900734697835
2023,1,Línea 12,1324241,6535659.734082687,4.935400530630517
2022,1,Línea 5,3824678,1.6248700034869034E7,4.248383794627688
2021,12,Línea 5,4472051,1.961016306874009E7,4.3850490678080565
2023,5,Línea A,6510375,3.2421451640792638E7,4.97996684381355
2022,10,Línea B,10996274,5.397848552497429E7,4.90879779141319
2022,3,Línea 4,1826095,8053323.571490436,4.410133958797563
2021,11,Línea 7,4912328,2.645299942719511E7,5.385023033314369
2023,5,Línea B,11043923,5.192642241854152E7,4.701809530774664
2022,1,Línea 8,7495933,3.430564171404946E7,4.5765672817579155
2021,11,Línea 9,6102783,2.79700731213493E7,4.583166912759196
2023,5,Línea 6,3445477,1.3457776601592995E7,3.90592553704262
2023,6,Línea A,6236926,3.0734036017382115E7,4.927753835364107
2021,11,Línea 1,12197383,5.610490423102693E7,4.599749325820706
2022,8,Línea 2,15968447,7.846947759463371E7,4.914033130124283
2023,6,Línea B,10397965,4.718921571789033E7,4.538312613851876
2021,11,Línea 6,2389395,9573777.469824921,4.006778900024869
2023,1,Línea 6,3267050,1.2801489105865741E7,3.9183633877246264
2021,11,Línea B,8867601,4.396438688737156E7,4.957867058674783
2021,12,Línea 1,13517796,6.136540957399672E7,4.539601690541618
2022,10,Línea 5,4975782,2.369833763590855E7,4.762736316805791
2023,1,Línea 1,4996846,2.152305836364288E7,4.3073287356950525
2023,1,Línea A,6252639,3.0573344904671725E7,4.889670570245896
2023,7,Línea 8,10149030,4.074441230121271E7,4.014611475304804
2022,8,Línea 9,7959349,3.571886927808645E7,4.4876621540387855
2022,6,Línea A,5703693,2.8209996088260345E7,4.945917686709356
2021,5,Línea B,6574795,2.997394733801277E7,4.558917401685188
2022,7,Línea B,9572285,4.59307637918819E7,4.79830717450242
2023,4,Línea 9,7529109,3.0816292494835578E7,4.0929534284648525
2022,5,Línea B,10107166,4.9644039994282804E7,4.911766561891118
2013,7,Línea B,13552312,3.87458415E7,2.8589838766994147
2021,5,Línea 9,4555079,2.0711858554119803E7,4.546981194863975
2023,4,Línea B,9877127,4.573697231200151E7,4.630594737923438
2016,12,Línea 1,21798114,8.9199193E7,4.092060120430602
2023,4,Línea A,5870175,2.9206098911650278E7,4.975337006418084
2022,4,Línea 5,4556001,1.9225314020226996E7,4.219778270511134
2021,5,Línea 2,9200070,4.223096322971487E7,4.590287164088411
2023,4,Línea 12,2567451,1.3465480870998899E7,5.244688553354631
2013,7,Línea 2,24464319,6.756920769999999E7,2.761949257610645
2021,5,Línea 6,1905449,6674480.959886118,3.502838942362728
2022,7,Línea 3,12534256,5.760763563402944E7,4.596015561995019
2022,5,Línea 2,14515442,6.6967096565249786E7,4.613507226665904
2021,5,Línea 12,460978,2703062.0,5.863754886350325
2022,5,Línea 7,5785887,3.2099620843702793E7,5.547916999364626
2022,7,Línea 7,5567500,2.934808315044679E7,5.271321625585414
2016,12,Línea B,13162384,6.0000328E7,4.5584696510905625
2022,2,Línea 1,11276537,5.179335420586422E7,4.593019488683824
2013,7,Línea 12,7820305,2.8973569900000002E7,3.7049155883306346
2022,4,Línea 1,12851598,6.0011981332412936E7,4.669612396249318
2022,6,Línea 2,14041567,6.875233423949319E7,4.896343423742748
2021,5,Línea 1,10153486,4.259229498704229E7,4.194844508284376
2023,2,Línea 3,13986415,5.831655601410529E7,4.169514204612496
2022,11,Línea 5,4872189,2.171479447551343E7,4.456886724943025
2023,4,Línea 8,10205433,4.13134951470526E7,4.048186406892545
2022,5,Línea 4,1880966,8075524.300397133,4.293285631105046
2016,12,Línea 2,23818883,9.4859773E7,3.982544983322686
2022,4,Línea 12,5000,0.0,0.0
2022,6,Línea 1,13245611,6.1084833281691246E7,4.6117037018293265
2022,11,Línea 9,8284970,3.398453458254799E7,4.101950228250433
2023,2,Línea 2,14641130,7.026928060072584E7,4.799443799810933
2022,11,Línea 2,16669203,7.646487806941567E7,4.5871946048899686
2022,6,Línea 5,4677150,2.0336345059046995E7,4.348020708988806
2016,12,Línea 9,9474921,3.5841671E7,3.7827936507333413
2021,5,Línea A,4457442,2.4143510026045658E7,5.416449619769737
2013,7,Línea 5,6679159,1.73399285E7,2.596124527054978
2021,5,Línea 7,4136157,2.137956051662357E7,5.168943180015549
2022,2,Línea 2,11403002,5.7357803629046656E7,5.030061700335285
2022,9,Línea 8,10279452,4.3629782939645484E7,4.244368565527179
2022,4,Línea B,9102941,4.342405850253314E7,4.770332852045634
2022,9,Línea 7,6000809,3.348387248607681E7,5.579893058765378
2022,9,Línea 9,7925451,3.547516122649977E7,4.476106309470562
2022,5,Línea 9,7005274,3.1594786883110337E7,4.51014291276977
2022,6,Línea B,9697948,4.665617819058692E7,4.810933012899937
2022,9,Línea 1,4516873,2.1125793731457837E7,4.677083843503644
2023,2,Línea 12,2440150,1.16646529749381E7,4.780301610531361
2013,7,Línea 6,3849069,1.15498912E7,3.000697363440354
2022,7,Línea 8,9165494,4.003740603441633E7,4.368275843551513
2022,2,Línea 8,7431160,3.53767276166529E7,4.760592911019666
2021,5,Línea 4,1120927,3517576.395564771,3.1380958756143538
2021,5,Línea 8,6317522,2.5760660339196656E7,4.077652652289403
2022,7,Línea 4,2001502,8243038.312759123,4.118426218289626
2022,2,Línea 6,2305819,9264691.310151614,4.017961214714431
2023,2,Línea 8,10052856,4.331556895676699E7,4.308782395447323
2022,4,Línea 6,2561296,1.0373428786223045E7,4.050070271543408
2016,12,Línea 6,4063896,1.8587604E7,4.5738385037412375
2023,4,Línea 6,3017282,1.1329766084839243E7,3.754957635659923
2022,5,Línea 3,13416578,6.451284675376877E7,4.80844271570357
2022,11,Línea 4,2052357,9062509.04396307,4.415659187930301
2022,9,Línea 5,4666707,2.210881599042135E7,4.737562480443137
2013,7,Línea 9,9907158,2.47537529E7,2.4985725371494025
2023,4,Línea 5,4769456,2.0760132101445887E7,4.352725363531163
2016,12,Línea 12,9201615,4.58430981E7,4.982070875601729
2022,9,Línea 2,15501116,7.369457511309901E7,4.754146418432002
2016,12,Línea 4,2828940,1.3415499E7,4.74223525419415
2022,5,Línea A,5927959,2.9193172018086765E7,4.924658220154148
2023,2,Línea 5,4682760,2.038816748898715E7,4.353878372794496
2023,2,Línea 9,7572147,3.2982395509911094E7,4.3557521413558264
2023,2,Línea 6,3133831,1.2146347844246041E7,3.8758783879047853
2023,2,Línea A,5984056,2.976592219350875E7,4.97420515341246
2023,4,Línea 1,4691534,2.0130357894923035E7,4.290783759623832
2022,7,Línea 6,2697812,1.0501619185696676E7,3.892643069901341
2022,4,Línea 8,8644363,3.95132977578848E7,4.57099010741275
2013,7,Línea 1,22454409,6.199593243E7,2.7609692345944175
2022,7,Línea 5,4229077,1.8927665278105684E7,4.475601952413182
2023,2,Línea 1,4525828,1.9023741041827306E7,4.203372519200311
2022,6,Línea 7,5803498,3.075114888935391E7,5.298726542053415
2022,11,Línea 7,6392493,3.2777152597394485E7,5.127444425421269
2023,2,Línea 7,6033637,3.062414905140225E7,5.075570348597744
2022,9,Línea A,6834205,3.3279042056045827E7,4.869482559572887
2022,5,Línea 1,13645106,6.4036154290708154E7,4.69297594981733
2022,2,Línea 9,5594561,2.5460051258197486E7,4.550857745263209
2022,4,Línea 7,5244585,2.8504461781976636E7,5.435027134077651
2022,11,Línea 3,15450861,6.690759399804922E7,4.330347286021745
2022,11,Línea B,11028329,4.806498850621073E7,4.358320150424487
2021,5,Línea 3,8921860,4.385497181750814E7,4.915451690287467
2023,4,Línea 7,5682969,2.8026881795362856E7,4.931732303196244
2022,9,Línea 3,15219587,6.4607759418385014E7,4.245040250986115
2022,6,Línea 6,2886957,1.0891052582418462E7,3.7725025285857954
2022,6,Línea 8,9416382,4.208954675462295E7,4.469821504121535
2022,2,Línea 4,1418263,6508947.670320876,4.589379875468003
2016,12,Línea 8,11639538,5.1246195E7,4.4027688212367195
2013,7,Línea 3,19347278,5.287224059E7,2.7327999623512933
2022,6,Línea 9,6614771,3.0772123552993912E7,4.652031574939467
2016,12,Línea 7,8576835,4.036304E7,4.706052990409632
2022,5,Línea 8,9220335,4.189568558109367E7,4.5438355093490275
2022,7,Línea 2,13678379,6.56071129230655E7,4.796409934471439
2023,2,Línea 4,1962323,8922350.912723865,4.546830930852804
2022,9,Línea B,10511100,5.0251674317747906E7,4.780819735113157
2022,2,Línea 3,10346189,5.071377689418114E7,4.901686688130397
2013,7,Línea A,7202575,2.12523364E7,2.950658118797791
2022,4,Línea A,5313845,2.65194120839643E7,4.99062582441985
2013,7,Línea 4,2352171,7563242.8,3.2154306808476085
2022,9,Línea 6,3368956,1.2108230191427749E7,3.594060056417403
2022,7,Línea A,6051171,2.9614300535828207E7,4.893978460669548
2022,2,Línea B,7882789,3.75236963865096E7,4.760205605720208
2022,4,Línea 4,1697106,7241780.175032154,4.267134860776023
2022,6,Línea 3,12918897,6.094148046679914E7,4.717235571024302
2023,4,Línea 4,2083201,8726472.282196429,4.1889727790052085
2023,4,Línea 3,13666835,5.8422990559514806E7,4.274800314741109
2013,7,Línea 8,10523481,3.11407303E7,2.9591662967795545
2023,4,Línea 2,15170867,7.047706277535605E7,4.645552741010521
2022,7,Línea 9,7075521,3.2284971971698277E7,4.562910910970129
2021,5,Línea 5,3637191,1.502395605628536E7,4.1306480897718485
2022,2,Línea 5,3785193,1.6846595887149185E7,4.450657043682894
2022,9,Línea 4,2279221,9096567.939467553,3.9910864016554575
2022,4,Línea 3,12158736,5.622697314483034E7,4.624409407756723
2022,6,Línea 4,1843211,7796242.665353616,4.229707106431991
2016,12,Línea A,8650038,2.9064423E7,3.3600341408904795
2022,4,Línea 9,6150848,2.7648567142868627E7,4.495082164746816
2022,11,Línea 8,10680825,4.51971222244554E7,4.231613402939885
2022,7,Línea 1,6598031,3.0614901660203744E7,4.64000573204396
2022,2,Línea A,4559697,2.4920028996761315E7,5.465281793233479
2013,7,Línea 7,8119936,2.6531327500000004E7,3.2674306176797456
2022,4,Línea 2,13177797,6.249633852320326E7,4.742548282023411
2022,5,Línea 6,2953712,1.1607558623285983E7,3.929820721616049
2022,11,Línea 1,4640169,2.1128993310246624E7,4.553496502012454
2022,11,Línea 6,3286054,1.2286616478462735E7,3.7390184331915224
2022,11,Línea A,6576130,3.1714016788625035E7,4.822595780287956
2022,5,Línea 5,4850433,2.0627218817657802E7,4.252655137728488
2016,12,Línea 5,7079701,2.5498009E7,3.601565800589601
2022,2,Línea 7,4503403,2.564075584516501E7,5.693640086211474
2023,2,Línea B,9943498,4.668875649857674E7,4.695405630752552
2016,12,Línea 3,18326073,8.2313502E7,4.491606139514996
2016,10,Línea 1,21938684,8.9930722E7,4.099184891855865
2021,6,Línea B,6314303,3.3451968183249295E7,5.297808512396268
2013,10,Línea 9,11247409,2.71813721E7,2.4166785523670384
2016,10,Línea 3,20500839,8.9423801E7,4.361958113031374
2017,8,Línea 5,7660566,2.7437451E7,3.5816480139979214
2016,8,Línea 9,9981673,3.9983E7,4.005641138514556
2021,6,Línea 4,1102824,4409566.973385954,3.9984321826383487
2017,7,Línea A,8187070,2.6991584E7,3.2968551630803207
2017,7,Línea 6,3742183,1.6808605E7,4.491657676815912
2013,10,Línea 5,7758908,2.00430936E7,2.5832364038857016
2016,10,Línea 2,24310304,1.05476302E8,4.338748787345481
2016,8,Línea 8,11680080,5.1995961E7,4.451678498777405
2018,1,Línea 1,19701470,7.9484196E7,4.034429715143083
2021,7,Línea 1,11636780,5.436462083116101E7,4.671792440104651
2017,10,Línea 7,9413071,4.3639271E7,4.636029091887228
2013,10,Línea 12,9257968,3.41672768E7,3.6905805680036914
2018,1,Línea 6,3947587,1.7397988E7,4.407246249417682
2021,6,Línea 9,4652580,2.2484973516767412E7,4.8327967529343745
2016,8,Línea 4,2511328,1.2239702E7,4.873796652607704
2021,7,Línea 5,3736446,1.5365004568567442E7,4.112197678908632
2016,8,Línea 3,20612065,8.9488846E7,4.341575965338747
2017,8,Línea 3,20628747,8.687424E7,4.211319281777027
2017,8,Línea 1,22162413,8.5575799E7,3.861303324687614
2021,7,Línea 9,5458877,2.3936643431968275E7,4.384902505033229
2021,6,Línea 6,1943773,7084831.809220594,3.644886418949432
2016,8,Línea A,8751263,3.0309793E7,3.463476414775787
2013,10,Línea 8,11929949,3.50855239E7,2.94096176773262
2021,7,Línea 2,10993040,5.069376880146055E7,4.611442221756725
2016,10,Línea 6,4355230,2.0544367E7,4.71717153858694
2017,3,Línea 9,10103572,3.8543593E7,3.8148481546922217
2017,4,Línea B,11912902,5.3327597E7,4.476457289751901
2016,10,Línea 8,12133591,5.4396861E7,4.483162569102585
2018,1,Línea 4,2477808,1.1483507E7,4.634542708716737
2017,5,Línea 6,4182960,1.9447793E7,4.649289737410829
2017,5,Línea 2,22865306,9.6727592E7,4.230321343611146
2017,3,Línea 7,9129157,4.5176642E7,4.948610479587546
2017,3,Línea 3,20841753,8.8914593E7,4.266176314439577
2018,1,Línea 2,22221922,8.8599057E7,3.987011429524413
2013,10,Línea 1,23292780,6.54284499E7,2.8089583939744416
2021,6,Línea 2,9728054,4.933985635982151E7,5.071914317069119
2013,10,Línea 6,4710467,1.40554323E7,2.9838723633983637
2021,6,Línea 1,10431084,4.8563459933315E7,4.6556484381982735
2017,4,Línea 9,8577577,3.2604258E7,3.801103505104064
2017,10,Línea 8,11777032,5.0478672E7,4.286196386322122
2017,3,Línea 8,11660619,5.2295996E7,4.484838755129552
2017,7,Línea 1,21261753,8.3619461E7,3.9328582643209145
2017,5,Línea 3,19741771,8.3678351E7,4.238644597792164
2017,10,Línea 2,23630627,9.8801756E7,4.181089058703352
2017,5,Línea 4,2507233,1.2228097E7,4.8771282924243575
2017,8,Línea B,12809418,5.89027E7,4.598390028336962
2017,4,Línea 12,8875059,4.51100346E7,5.082787010204664
2017,7,Línea 9,9275720,3.5605598E7,3.8385805091141174
2018,1,Línea 3,18414561,8.0961573E7,4.396606196585409
2017,4,Línea 1,18667723,7.8806008E7,4.221511536248958
2021,7,Línea 3,9881840,4.93599843438574E7,4.995019585811691
2016,10,Línea 12,9444820,5.37747954E7,5.693575462528666
2017,5,Línea 8,11193176,5.0058987E7,4.472277305386782
2017,8,Línea 4,2652071,1.2357561E7,4.659589053234246
2017,4,Línea 4,2273688,1.1276265E7,4.959460137010883
2017,3,Línea 4,2694079,1.256817E7,4.665108187250634
2017,5,Línea 12,10032019,5.34109177E7,5.324044711239084
2017,8,Línea 9,9619301,3.7697447E7,3.918938288759235
2017,4,Línea 2,20818806,8.8286292E7,4.240699106375264
2013,10,Línea 2,25477326,6.967879939999999E7,2.734933776017153
2021,7,Línea 8,6871689,3.143146281284553E7,4.574051999857026
2017,5,Línea A,8206757,2.8568455E7,3.4810894242390753
2018,1,Línea 8,10538751,4.7248298E7,4.483291995417673
2017,5,Línea 7,8896757,4.3040557E7,4.837780440670685
2017,4,Línea 7,7735652,3.8041217E7,4.917648441269074
2016,10,Línea 4,2774686,1.3488593E7,4.861304306144912
2017,10,Línea 6,4516749,2.032102E7,4.499036807225728
2016,10,Línea B,13504301,5.98076091E7,4.4287822894350475
2017,7,Línea 8,10503065,4.7288423E7,4.502345077365512
2017,8,Línea 7,9120659,4.4553316E7,4.884879042183246
2021,6,Línea 8,6714803,2.9686614293491106E7,4.421070028933255
2017,4,Línea 8,10349853,4.6567598E7,4.499348734711498
2017,7,Línea B,11982171,5.514084E7,4.601907283746827
2017,10,Línea 4,2822008,1.2869837E7,4.560524633523364
2021,7,Línea 4,1417467,5301034.306165479,3.7397938055457227
2021,7,Línea 7,4574165,2.4786823616208285E7,5.418873961959895
2016,10,Línea A,8878085,2.8981168E7,3.2643490122025187
2021,6,Línea A,4422716,2.491206053916647E7,5.632751580514433
2017,3,Línea A,9116888,2.9509852E7,3.236833884544814
2021,6,Línea 12,12345,0.0,0.0
2016,8,Línea 7,9260387,4.5448179E7,4.907805580911467
2017,8,Línea A,8790720,2.9410307E7,3.3456084370791017
2013,10,Línea B,15036112,4.20656892E7,2.7976440452159443
2017,8,Línea 12,10130303,5.52540554E7,5.454333932558582
2016,8,Línea 5,7479803,2.805413E7,3.750650919549619
2018,1,Línea 9,9212434,3.3957412E7,3.6860412785589562
2013,10,Línea 7,9016454,2.78934384E7,3.0936151174286475
2017,7,Línea 2,22159879,9.0689335E7,4.092501362484876
2017,5,Línea 1,20793523,8.6270638E7,4.148918776293945
2017,5,Línea 5,7326613,2.6620041E7,3.6333352123279883
2017,10,Línea 5,7647442,2.6396494E7,3.4516762598526407
2017,7,Línea 4,2474500,1.1657418E7,4.711019599919176
2016,8,Línea 1,22529832,8.968325E7,3.9806444184759124
2017,7,Línea 12,9365709,5.0846638800000004E7,5.42902184981404
2017,4,Línea 3,17697364,7.6427921E7,4.318604793346625
2017,3,Línea 1,20827155,8.3999601E7,4.033176926949456
2016,10,Línea 5,7433433,2.8577282E7,3.8444258527654718
2017,5,Línea 9,9614402,3.6284432E7,3.7739665971945007
2016,8,Línea 6,4236613,1.9320322E7,4.560322597320076
2017,4,Línea 5,6638194,2.3776173E7,3.5817231313215614
2018,1,Línea A,7968937,2.762859E7,3.4670358166967565
2021,7,Línea A,4534897,2.48053909842377E7,5.469890712895508
2016,10,Línea 7,9184635,4.5337155E7,4.9361956136525835
2016,10,Línea 9,10312730,3.9987354E7,3.877475120554887
2018,1,Línea 7,8334308,4.1309564E7,4.95656795981142
2018,1,Línea 5,6770290,2.463686E7,3.638966720775624
2017,10,Línea 3,20420291,8.8227394E7,4.3205747655603925
2018,1,Línea B,11870972,5.3969127E7,4.546310698062467
2017,4,Línea A,7939186,2.5442719E7,3.2047012124416785
2017,8,Línea 2,23757279,1.01574341E8,4.275503983431773
2017,3,Línea 6,4456850,1.9526948E7,4.381333901746749
2016,8,Línea 12,9255571,5.1899352599999994E7,5.607363673186667
2021,6,Línea 3,8994528,4.6247671161824465E7,5.141756316932302
2017,7,Línea 5,6588988,2.4642191E7,3.7399052783219515
2017,10,Línea 9,9860089,3.9273506E7,3.983078246048286
2017,7,Línea 3,17535728,7.7127717E7,4.398318507221371
2018,1,Línea 12,9725788,5.3210802E7,5.471104449325854
2016,8,Línea B,13397117,6.1042014E7,4.556354475369589
2017,10,Línea B,13243861,5.91460423E7,4.465921403131609
2017,3,Línea B,13261326,5.8096665E7,4.380909194148458
2017,7,Línea 7,8468139,4.143507E7,4.893055014803134
2017,5,Línea B,12881663,5.8002953E7,4.5027534876514
2017,8,Línea 8,10820327,5.1055282E7,4.718460172229546
2017,10,Línea 12,8926989,4.6135958E7,5.168143256365612
2021,6,Línea 5,3533646,1.4409139530975565E7,4.077697520061593
2013,10,Línea A,7812010,2.3711384550000004E7,3.0352475931290415
2017,10,Línea 1,21290792,8.6964152E7,4.084589807650181
2017,3,Línea 5,7347896,2.7969464E7,3.806458882923765
2017,8,Línea 6,4376331,1.9688903E7,4.498951975981707
2021,7,Línea B,7427687,3.6856919485848315E7,4.962099168401727
2017,3,Línea 12,10283450,5.44111855E7,5.291141153990149
2017,3,Línea 2,24352952,9.9253496E7,4.075624835954179
2017,4,Línea 6,3743428,1.6836431E7,4.4975971222099105
2021,7,Línea 6,2088156,7639377.108984643,3.658432180825878
2013,10,Línea 4,2790944,8907985.5,3.1917464126833073
2017,10,Línea A,8627223,2.9068053E7,3.369340632553488
2016,8,Línea 2,24353169,1.01130132E8,4.152647731389702
2013,10,Línea 3,22513467,6.0156193599999994E7,2.672009317800763
2021,6,Línea 7,4206812,2.2885487203251284E7,5.4401021969251975
2016,4,Línea 7,8930198,4.1214225E7,4.615152429990914
2014,10,Línea 8,11709296,5.137416160000001E7,4.387468008324327
2016,9,Línea A,8531354,2.7215897E7,3.19010288402052
2013,12,Línea 9,8684661,3.23037476E7,3.7196325337281446
2017,11,Línea 8,11536352,5.0956296E7,4.417019869019253
2012,12,Línea 5,6211324,1.67328263E7,2.6939226322761463
2017,11,Línea 4,2677263,1.226199E7,4.580046861290803
2014,7,Línea A,7756562,2.451932E7,3.1611066861839046
2014,7,Línea 5,6371601,2.6002709000000004E7,4.081032224083084
2014,8,Línea 9,9816620,3.759133569E7,3.8293563049196155
2016,11,Línea 4,2529696,1.2143755E7,4.800479978621937
2016,4,Línea 12,8616306,4.53476593E7,5.26300473776117
2014,10,Línea 1,22901849,9.440462959999996E7,4.1221400769867955
2016,11,Línea 2,23063273,9.9867641E7,4.3301590801964664
2021,10,Línea 8,8361314,3.657956930335946E7,4.37485894003735
2017,11,Línea 6,4440562,1.9299502E7,4.34618455952197
2021,10,Línea 1,12483603,5.468956179607301E7,4.38091164834968
2016,7,Línea A,7866799,2.5570325E7,3.250410363859557
2021,10,Línea B,8258770,4.2761661783329286E7,5.177727649919938
2013,12,Línea 2,23125039,8.951807874999999E7,3.871045525588086
2021,10,Línea 4,1689053,7064950.47356101,4.182787913440851
2014,8,Línea 2,24996679,1.0502816839999998E8,4.201684887820497
2016,7,Línea 7,8084178,4.1339648E7,5.113648907780111
2016,4,Línea 5,7164994,2.8737947E7,4.010882214276802
2017,11,Línea B,12812773,5.5509807E7,4.33238043005991
2013,12,Línea 7,7391096,3.3470332799999997E7,4.528466793016895
2016,4,Línea 6,4270956,1.9836133E7,4.644424573795656
2017,6,Línea 1,20746271,8.1808E7,3.943262863962396
2014,7,Línea 3,18612629,7.698004759999998E7,4.135904046655632
2016,4,Línea 2,23798267,9.9277082E7,4.1716097226743445
2016,4,Línea A,8220187,2.641995E7,3.2140327221266376
2017,11,Línea A,8183739,2.7817837E7,3.3991598461290127
2017,6,Línea A,8331827,2.6553881E7,3.1870418096775173
2016,7,Línea B,12025781,5.48538703E7,4.5613561647264325
2016,7,Línea 8,10493236,4.9239118E7,4.6924626492723505
2016,7,Línea 1,21764302,8.5280519E7,3.9183668283963344
2016,11,Línea 8,11494970,5.1587403E7,4.487824065656544
2014,7,Línea 8,11085643,5.009854381E7,4.519227600058923
2016,7,Línea 4,2396062,1.1337203E7,4.7315983476220564
2014,7,Línea 12,3888113,2.017781085E7,5.1896153352538885
2016,9,Línea 7,8845837,4.3083311E7,4.870461777670107
2012,12,Línea A,6998016,2.11691645E7,3.0250237352986904
2016,9,Línea 8,11394441,4.967057E7,4.35919322413447
2016,7,Línea 12,8002088,4.6236166199999996E7,5.778012713681728
2016,9,Línea 9,9503426,3.7438147E7,3.939436893600266
2016,11,Línea 6,4114912,1.929316E7,4.688596013717912
2014,8,Línea B,13872720,6.144100335E7,4.428908198968911
2014,8,Línea 5,7443339,2.9352777900000002E7,3.943496043912551
2017,11,Línea 2,23546001,9.5750607E7,4.066533718400844
2017,6,Línea 4,2511202,1.1863704E7,4.7243128987632215
2013,12,Línea 4,2734283,1.26487193E7,4.625972988165453
2014,7,Línea 2,23414960,9.615695038E7,4.106645938323191
2014,7,Línea 6,3695048,1.75120985E7,4.739342628296033
2014,8,Línea 7,8132781,4.154106589999999E7,5.107854976053086
2017,6,Línea 8,10824254,4.7404885E7,4.37950596872542
2016,4,Línea 3,19866302,8.6981564E7,4.378347011940119
2016,9,Línea 3,19553067,8.5156406E7,4.355143159894046
2014,8,Línea 8,11540496,5.1881995E7,4.49564689420628
2016,9,Línea 1,20672819,8.3330383E7,4.0309153289640856
2013,12,Línea 8,10623630,4.57168605E7,4.3033182160899806
2014,8,Línea 3,20201214,8.820586489999999E7,4.3663645610605375
2014,7,Línea 4,2494644,1.13919248E7,4.566553303798058
2014,10,Línea 9,10386922,3.8238802019999996E7,3.681437293935585
2016,11,Línea 5,7078378,2.6262784E7,3.7102827794729243
2012,12,Línea 3,18119804,5.26275812E7,2.9044233149541796
2016,11,Línea 1,21352518,8.7764712E7,4.110274582135934
2017,6,Línea 12,9871032,4.8240194E7,4.887046663408649
2012,12,Línea 2,24398301,6.86619953E7,2.8142121576416326
2014,10,Línea 12,4301075,2.29760468E7,5.341931214870701
2012,12,Línea 12,5673945,2.3498941E7,4.141552482443873
2014,7,Línea 1,22367700,8.880861639999998E7,3.970395543573992
2017,6,Línea 2,22517878,9.4891292E7,4.214042371132839
2021,10,Línea 3,11008821,5.361479605169949E7,4.870166937195136
2016,9,Línea 5,6938889,2.6755921E7,3.855937312154727
2016,4,Línea B,13430388,5.9617982E7,4.439036459706153
2021,10,Línea 9,6037474,2.7483652902857237E7,4.552177434280833
2016,7,Línea 9,9314712,3.7050413E7,3.977623033326205
2016,11,Línea 7,9000511,4.2441512E7,4.715455822452747
2012,12,Línea 7,6867762,2.20747103E7,3.2142509160917343
2012,12,Línea 8,10370433,3.1594636700000003E7,3.0466072824538766
2014,10,Línea A,8955908,2.7333839100000005E7,3.0520455435674423
2016,9,Línea 2,22249013,9.5976115E7,4.31372461331206
2014,8,Línea A,8371518,2.668406410000001E7,3.1874821388426815
2021,10,Línea 6,2302301,8782913.422621321,3.8148415096989146
2013,12,Línea 1,21972396,8.350489189999999E7,3.800445427071312
2016,9,Línea B,12699188,5.7473002E7,4.525722589507297
2021,10,Línea A,5202530,2.6788188675395798E7,5.149069524903422
2013,12,Línea A,5870299,2.51447356E7,4.2833824307756725
2013,12,Línea 5,6355679,2.53283356E7,3.98515022549125
2014,10,Línea 7,8883487,4.35061448E7,4.897417511839664
2017,11,Línea 9,9350349,3.5751657E7,3.8235639118924865
2016,9,Línea 6,4244159,1.9231558E7,4.53130007617528
2014,8,Línea 6,4199188,1.905873725E7,4.538672059931587
2014,10,Línea 2,25056110,1.0621419859999998E8,4.239053811625188
2021,10,Línea 5,4160822,1.7102612305607036E7,4.110392683370506
2012,12,Línea 1,21457851,5.937199525E7,2.766912457822547
2013,12,Línea 6,3897796,1.71272493E7,4.394085606327268
2016,11,Línea 12,9443271,5.109415300000001E7,5.4106413974564544
2016,11,Línea 3,19587556,8.592942E7,4.386939340466978
2017,6,Línea 7,8732571,4.0244896E7,4.608596483212104
2016,9,Línea 12,9032265,4.707075495E7,5.211401010709938
2017,6,Línea 5,7058158,2.549143E7,3.6116264328455103
2021,10,Línea 7,5005783,2.6827302976784706E7,5.3592620728434905
2014,10,Línea B,13697349,6.128744569999999E7,4.474401995597834
2017,6,Línea 6,4124730,1.784374E7,4.326038310386377
2013,12,Línea 12,7521596,4.04288761E7,5.375039566070818
2016,11,Línea A,8798713,2.8047886E7,3.187725977651504
2013,12,Línea B,13663848,5.56596616E7,4.073498300039637
2016,7,Línea 2,22171167,9.3935618E7,4.236836879177357
2013,12,Línea 3,18092647,7.087095769999999E7,3.9171138253015156
2016,11,Línea 9,9584436,3.6785093E7,3.838002883007409
2012,12,Línea B,14201252,3.90776137E7,2.7517020119071196
2017,11,Línea 3,19278752,8.512977E7,4.415730333581759
2016,4,Línea 9,9832735,3.9217664E7,3.988479705799048
2014,7,Línea B,13029844,5.759006272999999E7,4.419858190934595
2012,12,Línea 6,4114691,1.21900686E7,2.9625720619118177
2014,10,Línea 3,21261208,9.011888799E7,4.238653231274535
2017,11,Línea 1,20712626,8.1872502E7,3.952782327069489
2014,8,Línea 1,22753738,9.324675189999996E7,4.098084978389044
2012,12,Línea 4,2465344,7463445.5,3.027344459840087
2016,4,Línea 8,11345261,4.9672845E7,4.378290195351169
2014,8,Línea 12,4058931,2.20125463E7,5.423237374569807
2016,7,Línea 5,6488693,2.5463853E7,3.9243423906786776
2016,9,Línea 4,2493879,1.17926E7,4.728617547202571
2017,6,Línea 9,9535552,3.6083504E7,3.7841022732611598
2016,4,Línea 1,21888858,8.609062E7,3.9330795603863846
2017,11,Línea 12,9983967,5.3162758E7,5.3248130727996195
2017,6,Línea 3,18821202,8.0969109E7,4.302015832995151
2021,10,Línea 2,11827742,5.888315939446721E7,4.978393965176719
2014,10,Línea 5,7245713,2.8581067400000002E7,3.944548645523222
2017,11,Línea 7,9057207,4.3949312E7,4.852413332277821
2016,11,Línea B,12837984,5.9180572E7,4.609802598289575
2017,6,Línea B,12507959,5.5233193E7,4.415843783945886
2014,10,Línea 6,4205455,1.92989868E7,4.5890365727370765
2016,4,Línea 4,2621103,1.2283753E7,4.686482370208267
2014,7,Línea 9,9686226,3.670457650000001E7,3.789357846905493
2014,7,Línea 7,8158676,3.898457050000001E7,4.778296196588761
2016,7,Línea 6,3462622,1.6568468E7,4.784948515893447
2012,12,Línea 9,9288468,2.39523276E7,2.578716705489
2014,10,Línea 4,2652253,1.26532903E7,4.770770473254249
2017,11,Línea 5,7128312,2.6426839E7,3.7073067228258245
2016,7,Línea 3,17696061,7.9007474E7,4.4646926793482455
2014,8,Línea 4,2600165,1.26035751E7,4.847221272496168
2020,1,Línea 12,11059703,5.6366961E7,5.096607115037357
2015,3,Línea 4,2661988,1.21607638E7,4.568301509999294
2017,12,Línea 6,4279577,1.7520575E7,4.09399690670363
2014,12,Línea 4,2615045,1.27020388E7,4.857292627851528
2020,1,Línea 5,6103713,2.6041686E7,4.266531863473921
2020,3,Línea 6,3324214,1.3258625E7,3.9884992362104246
2020,8,Línea 7,3764647,1.7369377E7,4.613812928542836
2020,1,Línea 6,4101326,1.8403102E7,4.487110266289488
2021,1,Línea 1,3755255,1.803967E7,4.803846875911223
2020,8,Línea 8,5637677,1.9618191E7,3.47983593242394
2021,8,Línea 8,6989799,3.3457478138085067E7,4.786615199962841
2019,12,Línea B,12640765,5.2993944E7,4.192305133431402
2015,1,Línea 12,4247737,2.09742591E7,4.937748994346872
2019,12,Línea 1,19223509,7.899643E7,4.109365777080553
2020,1,Línea 3,18259377,8.1734362E7,4.476295220806274
2021,8,Línea 4,1357203,5418163.629800929,3.9921541801785945
2014,12,Línea 7,7730409,3.874542860000001E7,5.01208003354027
2020,1,Línea 4,2248742,1.1633406E7,5.173295113445651
2020,1,Línea 9,7977145,3.546125E7,4.445356076641455
2014,12,Línea 12,3660129,2.00526953E7,5.478685396061177
2013,1,Línea 3,19568118,5.5911099E7,2.8572547957856753
2020,3,Línea 12,9432619,4.6951705E7,4.9775894690541405
2015,3,Línea 9,10061150,3.87965628E7,3.856076372979232
2021,8,Línea 9,5574717,2.4267864465287082E7,4.353201151787092
2017,12,Línea 1,20098376,8.4175108E7,4.188154704638823
2020,3,Línea 1,15218530,6.5615544E7,4.311555978139808
2015,3,Línea 7,8238801,3.9952570589999996E7,4.849318558610651
2015,1,Línea A,8053558,2.4778431300000004E7,3.0767061341086763
2015,5,Línea 12,3834958,2.15030253E7,5.607108422047908
2015,5,Línea 3,19567897,8.515668217999999E7,4.351856624143105
2021,1,Línea 4,930018,3099536.0,3.3327699033782143
2015,1,Línea 9,9337688,3.5245845300000004E7,3.7745794569276683
2013,1,Línea 9,9766365,2.50951698E7,2.569550677247881
2013,1,Línea 8,10554418,3.2542851280000005E7,3.0833392499709604
2020,8,Línea 6,1712827,5958837.0,3.478948545299671
2020,1,Línea 8,10689619,4.8521087E7,4.539084788709495
2014,12,Línea A,7916624,2.5117709900000006E7,3.1727804554062446
2020,3,Línea A,5772463,2.6737257E7,4.631862863391242
2020,1,Línea 7,8705357,4.2845217E7,4.921707059228013
2015,3,Línea 5,7037072,2.8427743600000005E7,4.039711914273437
2014,12,Línea 1,22194945,9.032885409999998E7,4.069794004896159
2013,1,Línea B,13356103,3.85901705E7,2.8893286088015344
2021,1,Línea 2,1884816,8398243.0,4.455736262850061
2019,12,Línea 8,10817545,4.4229901E7,4.088718928370532
2017,12,Línea B,12712934,5.692483E7,4.4777098661882455
2021,8,Línea 5,3840388,1.5145551749428285E7,3.94375561777307
2021,8,Línea B,7006782,3.529520990506536E7,5.037292426832368
2020,3,Línea 5,4717188,1.8102975E7,3.837662395477984
2015,5,Línea 6,4226646,1.92601701E7,4.556844859966981
2017,12,Línea 12,9440771,5.1199779E7,5.423262464474565
2020,1,Línea A,6488465,2.9008683E7,4.4708082728349465
2015,1,Línea 3,19102258,8.30396431E7,4.347111378141788
2021,1,Línea 3,1767578,8468376.0,4.79094897085164
2017,12,Línea 8,11079101,4.8618655E7,4.388321308741567
2015,1,Línea 7,7842176,3.92162522E7,5.000685039458436
2019,12,Línea 5,6114273,2.3435499E7,3.8329166852706775
2019,12,Línea 4,2506181,1.1690883E7,4.664819899281017
2021,8,Línea 2,9728444,4.9011930778813764E7,5.038003074162092
2019,12,Línea 12,10741389,5.2007983E7,4.84183032566831
2015,5,Línea 1,21919451,9.084280309999996E7,4.144392261466766
2015,5,Línea 4,2538035,1.24251293E7,4.895570510256951
2013,1,Línea 7,8033403,2.5702283599999998E7,3.1994266439764067
2013,1,Línea 2,24278680,6.77833353E7,2.791887174261533
2014,12,Línea 8,11674297,4.9178318699999996E7,4.212529345450094
2020,1,Línea B,12008883,5.3454239E7,4.451224897436339
2015,1,Línea 2,23368497,9.934622236999997E7,4.251288491938526
2021,1,Línea 12,5103938,2.7189193E7,5.327100956163653
2021,8,Línea 3,9717707,4.7475184545210324E7,4.885430744640718
2015,5,Línea A,8389781,2.5818479100000005E7,3.0773722341500935
2020,3,Línea 3,14926299,6.7715512E7,4.536657881501637
2015,1,Línea 1,22182828,8.699554082000001E7,3.9217515828008946
2020,3,Línea B,10179930,4.5861956E7,4.505134711142414
2020,8,Línea 9,4294792,1.7144346E7,3.9918920404061478
2015,5,Línea 8,11314544,5.11211131E7,4.5181770560086205
2020,1,Línea 2,21517520,9.6479561E7,4.483767692559366
2020,3,Línea 4,2154094,9743803.0,4.523388022992497
2017,12,Línea 5,6935927,2.3837242E7,3.4367780975780167
2015,3,Línea 2,23597822,1.0105563917999999E8,4.28241382530981
2013,1,Línea 12,6223278,2.37915715E7,3.8229967390176047
2015,5,Línea 9,9867774,3.85319382E7,3.9048257692160364
2015,1,Línea 5,6814697,2.8161244400000006E7,4.13242795681158
2015,1,Línea 4,2499157,1.2251192600000001E7,4.902130038248898
2015,3,Línea 1,22428758,8.838373839999998E7,3.9406434542652775
2014,12,Línea 6,3703856,1.7371267E7,4.69004923517545
2021,8,Línea 7,4303998,2.327977753962966E7,5.4088727596131925
2015,3,Línea B,12891392,5.985436639999999E7,4.642971558075342
2021,1,Línea A,3762415,2.0991091E7,5.579153548983831
2015,3,Línea 8,11535301,5.247160889999999E7,4.548785410974538
2021,1,Línea 9,4790921,2.3252419E7,4.853434026568169
2020,8,Línea 3,8863258,4.2556118E7,4.801408014975983
2015,5,Línea B,13154989,6.0448350999999985E7,4.595089437170946
2020,8,Línea 4,1142247,3196233.0,2.798197762830631
2020,3,Línea 9,7316816,3.077509E7,4.2060767962457986
2015,1,Línea B,12994495,5.858828689999999E7,4.5087005612761395
2020,1,Línea 1,19054302,8.4826736E7,4.451841689084176
2020,8,Línea B,6525964,2.7001872E7,4.137606643248415
2017,12,Línea 3,17654382,7.9070432E7,4.478799201240802
2014,12,Línea 2,23962480,1.0016918269999997E8,4.180251071675385
2020,8,Línea 12,5589526,2.5620615E7,4.583682945566404
2021,1,Línea 7,3468318,1.805115E7,5.204583316754692
2019,12,Línea 3,16885283,7.0075644E7,4.150101837203439
2020,8,Línea 2,9588639,4.5473167E7,4.742400563833929
2019,12,Línea A,6292786,2.790849E7,4.43499747170808
2013,1,Línea 4,2459958,7058467.5,2.8693447205196185
2020,8,Línea 5,3207766,1.2925636E7,4.02948220038494
2017,12,Línea 2,23445408,9.412087E7,4.014469272618331
2014,12,Línea 5,6910109,2.7620019500000004E7,3.997045415636715
2021,1,Línea 6,1282023,4139513.0,3.2288913693436077
2021,1,Línea 5,2524586,1.134122E7,4.492308837963928
2015,3,Línea 3,20276432,8.812109026999998E7,4.345986032947018
2013,1,Línea 6,3824689,1.15885185E7,3.0299243938526765
2017,12,Línea 4,2741547,1.2418812E7,4.529855588833604
2014,12,Línea 3,17998615,7.737132389999998E7,4.298737647313417
2015,3,Línea 12,3955561,2.19186405E7,5.541221712925171
2013,1,Línea 5,6552538,1.6857557E7,2.5726759615892347
2020,8,Línea A,3866004,2.1354886E7,5.523762003350229
2017,12,Línea 7,8118936,3.9840749E7,4.907139186711165
2021,1,Línea 8,5064854,2.0008868E7,3.9505320390281735
2019,12,Línea 6,3812148,1.5604212E7,4.093285989945826
2015,3,Línea 6,4344094,1.85289461E7,4.265318867409407
2013,1,Línea A,7099433,2.12645971E7,2.99525287441969
2015,5,Línea 5,6756384,2.79379056E7,4.135038150584692
2019,12,Línea 9,7839725,3.0572959E7,3.8997489070088553
2014,12,Línea 9,9430899,3.5638874300000004E7,3.7789477227992796
2020,3,Línea 2,17043535,7.4817616E7,4.389794488056615
2020,8,Línea 1,9903033,4.3953046E7,4.438341869607019
2014,12,Línea B,13396855,6.097376629999999E7,4.551349275632228
2020,3,Línea 8,9302829,3.9113783E7,4.20450413524746
2015,1,Línea 8,11664416,5.0695217900000006E7,4.346142824467166
2021,8,Línea 1,11972942,5.345837735275552E7,4.464932457933523
2021,8,Línea 6,1935127,7586678.284009098,3.9205066561569852
2017,12,Línea A,7781317,2.823451E7,3.628500162633138
2017,12,Línea 9,8859977,3.3886689E7,3.824692660037379
2015,3,Línea A,8618643,2.5972575700000003E7,3.0135342303887054
2019,12,Línea 7,8084755,3.7231111E7,4.605100711153275
2020,3,Línea 7,6759307,3.440365E7,5.08981911903099
2021,1,Línea B,5897290,2.7652707E7,4.689053277013679
2015,1,Línea 6,4007851,1.86867965E7,4.662547709483212
2015,5,Línea 7,8109503,3.8629289589999996E7,4.763459559728876
2013,1,Línea 1,21225260,5.934503241E7,2.795962565829582
2015,5,Línea 2,24157644,9.891155539999999E7,4.0944206065790185
2021,8,Línea A,4485900,2.604862877191491E7,5.806778744937451
2019,12,Línea 2,21723238,9.1429628E7,4.20883976873061
2020,7,Línea 4,1040457,3025987.0,2.908324899539337
2020,7,Línea 8,5124968,1.9558697E7,3.8163549508992056
2020,12,Línea B,7252723,2.9501229E7,4.067607297286826
2014,5,Línea 5,7064765,2.7528634500000004E7,3.8966100783253235
2014,1,Línea 3,19146336,7.26108969E7,3.792417353377691
2014,1,Línea 1,21061750,8.32845961E7,3.954305606134343
2015,8,Línea B,13242887,5.8620514E7,4.426566050136953
2014,3,Línea 6,3971495,1.94803568E7,4.905043768152799
2013,11,Línea 2,25615455,7.090685169999999E7,2.7681277455348727
2013,5,Línea 5,6931044,1.74401034E7,2.516230368758299
2013,5,Línea 4,2456427,7635277.5,3.108285937257651
2015,8,Línea 8,11475115,5.1651415E7,4.501167526425661
2014,5,Línea 7,8147382,3.886645670000001E7,4.770422781207511
2020,12,Línea 7,3914115,1.9514713E7,4.985728063687449
2018,7,Línea 12,9977465,5.0675717E7,5.079017265407596
2014,3,Línea 1,21279237,9.0053227E7,4.231976315692147
2014,1,Línea 9,9580433,3.13585231E7,3.273184322671011
2018,5,Línea 7,8830983,4.3285776E7,4.901580718703682
2014,5,Línea A,7937133,2.5689932800000004E7,3.2366766186228713
2018,5,Línea 9,9572178,3.5701499E7,3.7297153270655854
2013,5,Línea 2,25205553,6.74509141E7,2.676033892214148
2020,7,Línea 3,7756280,3.8396806E7,4.9504151474676
2018,7,Línea 3,17249209,7.1474961E7,4.143666008105067
2014,3,Línea 9,10007121,3.74767635E7,3.7450095287146024
2013,5,Línea 7,8181500,2.71886015E7,3.323180529242804
2015,8,Línea 3,19511044,8.9961014E7,4.610773980110957
2013,11,Línea 6,4381209,1.3207224200000001E7,3.014515901889182
2014,6,Línea 5,6475740,2.51234218E7,3.8796217575134273
2014,1,Línea A,6902830,2.30385702E7,3.337554336409849
2020,10,Línea 3,10092185,5.0371386E7,4.99112788756845
2014,6,Línea 3,18580847,7.947684569999999E7,4.277353217536315
2018,7,Línea A,7678640,2.4957151E7,3.2502045935217696
2014,6,Línea 2,22782904,9.705295899999997E7,4.259902907899711
2020,12,Línea 3,8875824,4.4942514E7,5.063475120732453
2018,5,Línea 2,23026604,9.2789878E7,4.029681406776266
2014,3,Línea 3,20378077,8.190382180000001E7,4.019212499785922
2020,10,Línea A,4486326,2.4596536E7,5.4825565507277005
2020,10,Línea 8,6218556,2.1647313E7,3.481083550586342
2020,12,Línea 6,1817709,5702323.0,3.137093451151972
2014,3,Línea 2,24712994,1.010335508E8,4.088276426563289
2014,5,Línea 9,9801719,3.73912115E7,3.8147606047469838
2013,11,Línea A,7384763,2.3147804400000006E7,3.1345358544343274
2013,5,Línea B,14018389,3.97137761E7,2.8329771773347137
2020,12,Línea 8,5821029,2.2499381E7,3.865189642587247
2015,8,Línea 2,24125125,1.04980534E8,4.3515021787451875
2014,5,Línea 6,3987439,1.84034085E7,4.615345463592045
2014,3,Línea 12,5392997,2.9100673900000002E7,5.396011512708055
2018,5,Línea 1,19902893,8.0940152E7,4.066753109711237
2014,3,Línea 7,8282668,3.948889E7,4.767653369663012
2020,7,Línea 2,8479102,3.8958599E7,4.5946609676354875
2013,11,Línea 8,11557110,3.538042350000001E7,3.0613556070678576
2020,12,Línea A,4400044,2.4119381E7,5.481622683773162
2020,12,Línea 4,1310410,3754896.0,2.865436008577468
2020,12,Línea 12,5806554,2.802344E7,4.826174009576076
2020,10,Línea 1,12234174,5.3587122E7,4.380117693274593
2014,5,Línea 3,19680753,8.336382755999999E7,4.235804776372123
2020,10,Línea 12,6411248,3.0534974E7,4.7627192084910766
2014,1,Línea 5,6951147,2.4914681400000002E7,3.5842547136465397
2018,7,Línea 9,9070455,3.3092569E7,3.648391287978387
2014,1,Línea 12,7692283,4.091164650000001E7,5.318531117484888
2014,5,Línea 8,10972411,4.9948686699999996E7,4.552207049116188
2020,12,Línea 2,9728552,4.5738354E7,4.701455468398586
2015,8,Línea A,6443930,1.6358331E7,2.5385643543613914
2014,1,Línea 6,3803620,1.67712139E7,4.409276925665551
2014,5,Línea 2,24222803,1.0079734619999999E8,4.161258554594197
2020,12,Línea 9,4331004,1.8692498E7,4.315973386309502
2020,12,Línea 1,11255686,5.1590785E7,4.58353093716367
2015,8,Línea 6,4230503,1.9806807E7,4.681903546694093
2015,8,Línea 12,3796748,2.20612369E7,5.810561275070139
2018,5,Línea 6,4293243,1.8624189E7,4.3380234941278655
2013,11,Línea 5,7260794,1.9456492E7,2.6796645105204746
2020,10,Línea 7,4339706,2.0264345E7,4.669520239389489
2014,6,Línea 9,8895836,3.485646850000001E7,3.91829036641413
2018,7,Línea 4,2370647,1.0496511E7,4.4276988518324325
2020,10,Línea 4,1274435,3092616.0,2.4266565183787328
2018,5,Línea B,12790164,5.5629727E7,4.3494146752144855
2014,3,Línea 5,7279172,2.79032205E7,3.8332959435496234
2013,5,Línea 6,4201793,1.19790358E7,2.85093430352233
2020,7,Línea 7,3391557,1.5454643E7,4.556798838999315
2013,11,Línea 1,22681069,6.182491879999999E7,2.7258379576377108
2014,3,Línea A,7672357,2.5747169800000004E7,3.35583573600655
2018,5,Línea 5,7208945,2.5563235E7,3.5460438385921935
2020,10,Línea 9,4927332,2.0608128E7,4.182411089814934
2013,11,Línea 7,8478337,2.6594047500000004E7,3.136705641684213
2013,11,Línea 12,8676811,3.21623497E7,3.706701655711989
2014,5,Línea 1,21488567,8.8402976E7,4.113953992371851
2013,11,Línea 9,11489937,2.61185296E7,2.273165605694792
2014,5,Línea 4,2533744,1.15681515E7,4.565635478564527
2014,3,Línea 4,2538233,1.21906795E7,4.802821293395839
2014,6,Línea 7,7744129,3.88906448E7,5.021952087833247
2014,6,Línea 12,3864218,1.9048522400000006E7,4.92946371038073
2020,7,Línea A,3574463,1.8694446E7,5.230001261727986
2015,8,Línea 9,9789342,3.9808644E7,4.066529088471932
2018,7,Línea 7,8772861,4.1045981E7,4.678745166485597
2018,5,Línea 3,19241083,8.3241777E7,4.326252165743477
2018,7,Línea 5,6454106,2.2919791E7,3.551195316593809
2020,7,Línea 9,3914744,1.5754483E7,4.024396742162451
2013,11,Línea B,14429088,4.1011045199999996E7,2.8422479092233686
2020,10,Línea 6,1931073,6717548.0,3.478660827425996
2013,5,Línea 12,7453210,2.7360962700000003E7,3.6710306968406905
2018,5,Línea 8,11194246,4.9803215E7,4.449001299417576
2013,5,Línea 3,20777474,5.7823941E7,2.78301111097528
2013,5,Línea A,7554008,2.17532864E7,2.8797012658710446
2015,8,Línea 7,8244565,4.2852792E7,5.197702001257798
2014,5,Línea B,13463868,5.90079245E7,4.382687389686232
2014,6,Línea B,12739663,5.5023584699999996E7,4.319076941046243
2015,8,Línea 4,2625468,1.2577903E7,4.790727976878789
2014,5,Línea 12,4063317,2.1353765990000002E7,5.255254756151194
2013,5,Línea 9,10223839,2.61285485E7,2.5556494483138867
2018,7,Línea 2,21538369,8.9426637E7,4.15196884220899
2018,5,Línea 4,2558239,1.1459843E7,4.479582634773373
2013,11,Línea 4,2755546,8411410.5,3.0525385894483343
2018,5,Línea A,8531363,2.7984438E7,3.280183717420065
2014,6,Línea 6,3724737,1.72530126E7,4.632008273335809
2020,7,Línea B,5740062,2.3499317E7,4.093913445534212
2014,6,Línea 1,20987287,8.492054939999998E7,4.046285229720257
2018,7,Línea B,11724434,4.8620733E7,4.146957797706908
2018,7,Línea 8,10545928,4.5979628E7,4.359941391596832
2020,10,Línea 2,10658360,4.9571709E7,4.650969661373795
2020,7,Línea 5,3027405,1.2086147E7,3.9922464949354315
2020,7,Línea 1,8990773,3.9104964E7,4.349455158082625
2014,3,Línea B,13363463,5.665418829999999E7,4.239484054395181
2020,7,Línea 12,5001879,2.2754238E7,4.54913803392685
2014,6,Línea 4,2381038,1.14376355E7,4.803634171315199
2014,1,Línea 4,2451183,1.08267765E7,4.416959688444314
2020,10,Línea B,7331846,3.0074118E7,4.101848020266656
2013,5,Línea 1,22622320,6.019183681E7,2.6607278479837615
2018,5,Línea 12,10570227,5.4269957E7,5.134228148553479
2015,8,Línea 1,22798836,9.728243E7,4.266991086737937
2018,7,Línea 1,20062325,7.8294515E7,3.902564383739173
2014,6,Línea A,7817995,2.4157964200000007E7,3.090046002843441
2014,1,Línea 7,7845674,3.4817614400000006E7,4.4378104927632736
2013,5,Línea 8,10909128,3.1975771299999997E7,2.9311024034184947
2013,11,Línea 3,20841715,5.632766070000001E7,2.702640387319374
2020,10,Línea 5,3554076,1.4618692E7,4.1132187381474115
2020,12,Línea 5,3549970,1.3849968E7,3.9014324064710406
2018,7,Línea 6,4020645,1.6280585E7,4.049247073541683
2014,6,Línea 8,10642884,4.9098550599999994E7,4.613274992004047
2020,7,Línea 6,1625312,5529401.0,3.4020551131105905
2015,8,Línea 5,7138219,2.8374988E7,3.97507949812131
2014,3,Línea 8,10607123,5.008129438999999E7,4.7214776702410255
2014,1,Línea B,13019773,5.3717553E7,4.125844052734252
2014,1,Línea 8,10280862,4.5369003699999996E7,4.412957172268239
2014,1,Línea 2,23230186,8.766434575E7,3.7737255203208444
2018,3,Línea B,12333854,5.3036401E7,4.30006719716319
2021,4,Línea 8,5474561,2.1613820532438777E7,3.9480463424261374
2021,4,Línea 2,8744553,4.290502197094722E7,4.906485439672814
2015,12,Línea 6,3994476,1.9313234E7,4.8349856151345
2013,4,Línea A,7717660,2.27649453E7,2.9497211978760403
2015,4,Línea B,12303004,5.6426235699999996E7,4.586378716937749
2013,3,Línea 6,3781010,1.0549335600000001E7,2.7900840251678787
2016,6,Línea 5,6849201,2.5669374E7,3.7477910197116424
2013,4,Línea 7,8050136,2.665979325E7,3.31171960945753
2015,6,Línea 8,11515595,4.9940798150000006E7,4.336797026119797
2013,4,Línea 12,7061462,2.79670821E7,3.960522920041204
2015,12,Línea 2,23936745,1.01688498E8,4.248217458138106
2019,1,Línea 1,19543824,7.8000147E7,3.9910381407446156
2015,4,Línea 7,7449337,3.8211131400000006E7,5.129467414348419
2019,1,Línea 12,10845196,5.4362718E7,5.012608163098205
2016,6,Línea 9,9887370,3.8321567E7,3.875809947437994
2015,10,Línea 3,20627284,9.2843057E7,4.500983115372824
2015,6,Línea 5,6927287,2.6934610900000002E7,3.888190412783533
2013,3,Línea 7,7472844,2.45183281E7,3.2809902227318006
2019,1,Línea 3,18094810,7.5838145E7,4.191154535471774
2015,4,Línea 6,4010598,1.815388413E7,4.526478128698014
2015,7,Línea 7,8366148,4.13824181E7,4.946412387158343
2015,10,Línea 5,7591134,3.0082507E7,3.9628475798214073
2021,4,Línea 7,3752949,1.8921864729992576E7,5.041865671500619
2021,3,Línea 5,3400790,1.4667795E7,4.313055201879563
2015,4,Línea 5,6968650,2.7672046100000005E7,3.9709335524097216
2015,7,Línea 5,7096421,2.82627139E7,3.9826715325936832
2019,1,Línea 5,6579719,2.4140603E7,3.6689413332089105
2021,4,Línea 5,3321827,1.3824303707398627E7,4.161656735103492
2016,6,Línea 3,19427882,8.3250946E7,4.285127220764466
2015,12,Línea B,13771669,5.96392763E7,4.330577237951333
2013,3,Línea 5,6694213,1.72330688E7,2.5743233446560487
2016,6,Línea 2,23109548,9.5674055E7,4.14002277327103
2015,7,Línea 12,3937866,2.14087674E7,5.436641927378941
2015,4,Línea 4,2431170,1.13854275E7,4.683106282160441
2015,12,Línea 4,2695263,1.2812534E7,4.753723106056811
2019,1,Línea B,12199168,5.2189419E7,4.278112982787023
2015,10,Línea 6,4942620,2.1949967E7,4.4409578320809615
2013,3,Línea A,7153231,2.11908856E7,2.9624215406995806
2015,10,Línea 8,12131549,5.4749704E7,4.513001925805188
2015,10,Línea 7,9302070,4.63694741E7,4.9848554246527925
2013,3,Línea 2,23811690,6.606908839999999E7,2.774649275208941
2015,6,Línea 7,8515355,4.11646642E7,4.834168886675894
2015,10,Línea 9,10265909,3.9410242E7,3.8389432440907085
2021,3,Línea 7,3949327,2.1169346E7,5.360241377834755
2015,12,Línea 7,8167269,3.8807362E7,4.7515714249157215
2018,3,Línea 6,4234158,1.7951971E7,4.239797145028598
2015,12,Línea 1,22459532,8.7278176E7,3.886019352495858
2019,1,Línea 7,8884453,4.1204363E7,4.637805276250547
2015,4,Línea A,7972571,2.48110609E7,3.112052674099735
2018,3,Línea 3,18886633,7.816652E7,4.138721814523531
2015,6,Línea 12,3969476,2.18966324E7,5.5162526237720035
2015,7,Línea 4,2512547,1.1856019E7,4.718725261656797
2021,3,Línea 1,9965022,4.9350299E7,4.952352237656876
2015,7,Línea 8,11518933,5.18821334E7,4.50407458746396
2015,6,Línea 2,23355234,1.0135299888999997E8,4.339626778734051
2013,4,Línea 4,2373993,7246015.5,3.0522480479091554
2019,1,Línea 9,8267867,3.3183894E7,4.0135979449113055
2013,3,Línea 1,20218945,5.7257106599999994E7,2.8318543128733964
2021,4,Línea A,3947049,2.1747838373651322E7,5.509898248957974
2015,7,Línea A,5876143,1.30017611E7,2.2126352439006336
2018,3,Línea 1,18941249,7.5554609E7,3.9888926543334073
2019,1,Línea 8,11008748,4.5040506E7,4.091337725234514
2016,6,Línea 7,8934704,4.2890999E7,4.800494677831521
2015,4,Línea 9,9423424,3.5416456099999994E7,3.758342625780183
2013,4,Línea 8,10828019,3.2799036900000002E7,3.029089337578739
2015,4,Línea 3,19022056,8.188700879999998E7,4.3048453227138
2021,3,Línea 12,5964235,2.994096E7,5.02008388334799
2019,1,Línea A,6447821,2.6035934E7,4.037943050838415
2015,10,Línea 2,25053875,1.06118114E8,4.2355968487908555
2015,10,Línea 4,2830449,1.3586086E7,4.799975551582099
2021,3,Línea 6,1711465,5806921.0,3.392953405415828
2021,4,Línea 6,1683809,5640328.005370862,3.349743352940186
2021,4,Línea 1,9750629,4.47403985594877E7,4.588462811936307
2016,6,Línea 6,4025319,1.8543159E7,4.606630927884225
2018,3,Línea 9,9129307,3.3712209E7,3.692745681572544
2018,3,Línea 12,9878176,5.1954028E7,5.259475838454387
2013,3,Línea 3,19178690,5.45085751E7,2.8421427688752465
2021,3,Línea 4,1132389,3633096.0,3.208346248506476
2015,4,Línea 1,20872812,8.419354579999997E7,4.033646535023646
2015,7,Línea 1,22370978,9.2520896E7,4.135755531117146
2015,4,Línea 8,10773383,4.805495250000001E7,4.460525769853351
2021,4,Línea 9,3941575,1.7267568600213E7,4.380880384164452
2021,3,Línea 3,8014090,4.0397885E7,5.040857414878046
2013,4,Línea 5,7062325,1.79993674E7,2.548646146984173
2013,3,Línea B,13336429,3.61952994E7,2.7140173280268653
2015,10,Línea A,8617480,2.5734245E7,2.9862842733606576
2013,3,Línea 8,10646364,3.12897648E7,2.939009487182666
2016,6,Línea 1,21730025,8.7739486E7,4.037707549807236
2015,12,Línea 12,7435454,4.0828414699999996E7,5.491045294611465
2019,1,Línea 6,4201133,1.738381E7,4.137886136906401
2015,6,Línea 6,4289086,1.9781455E7,4.612044384281407
2015,7,Línea 3,18498978,8.212932589999999E7,4.439668283296514
2021,4,Línea 4,1076083,3054957.6663463293,2.8389609968249006
2021,4,Línea 12,5516099,2.8566403180150483E7,5.178732865409138
2015,6,Línea B,12941281,5.8927714449999996E7,4.553468427893653
2013,4,Línea 3,20669839,5.7639445699999996E7,2.788577390467337
2015,7,Línea 9,10067250,3.75476187E7,3.7296797735230576
2015,6,Línea 3,19071347,8.468098258999999E7,4.44022032581128
2018,3,Línea 8,11015307,4.6199455E7,4.194114154058529
2019,1,Línea 2,21923201,8.7381641E7,3.985806680329209
2013,4,Línea 6,4193737,1.2580485700000001E7,2.9998270516248398
2013,4,Línea B,13801053,3.90969361E7,2.83289514937737
2021,3,Línea 2,8964405,4.2831156E7,4.777913983136639
2021,4,Línea B,6282775,2.7992857091918267E7,4.4554925318697975
2015,4,Línea 2,21942393,8.736461174999999E7,3.9815443898940277
2016,6,Línea 12,8530504,4.7092678E7,5.5205035950982495
2015,6,Línea 1,21438462,8.802229299999999E7,4.105811928113126
2018,3,Línea A,8451369,2.7286624E7,3.228663190543449
2013,3,Línea 9,9787443,2.35472563E7,2.405863952413312
2013,3,Línea 4,2272560,6948681.7,3.0576449906713137
2015,7,Línea B,13300636,5.7868495800000004E7,4.3508066681924085
2015,10,Línea B,13888802,6.3269444E7,4.555428466760488
2015,6,Línea 4,2459630,1.22659136E7,4.986893801100165
2015,4,Línea 12,3657990,2.03051548E7,5.550904950532943
2021,3,Línea 9,4353411,1.9461823E7,4.470476828399616
2018,3,Línea 4,2420448,1.1463228E7,4.735994328322691
2018,3,Línea 5,7194710,2.568311E7,3.569721364724916
2021,3,Línea A,4382496,2.4471579E7,5.5839364143173205
2015,12,Línea 9,9416887,3.6158293E7,3.8397288828038394
2015,6,Línea 9,9921682,3.7983556699999996E7,3.8283384510811773
2015,7,Línea 2,23492306,1.010455245E8,4.301217790199055
2018,3,Línea 7,8351734,4.200917E7,5.02999377135335
2015,10,Línea 1,23088729,9.635639E7,4.17330854374877
2013,3,Línea 12,6395062,2.4728737900000002E7,3.8668488124118268
2015,12,Línea A,7852324,2.4707249E7,3.1464887337812346
2021,4,Línea 3,8093199,3.952794555516389E7,4.884094108542727
2015,7,Línea 6,4383593,1.94638877E7,4.44016762048849
2015,12,Línea 8,11490368,5.1184452E7,4.454552891604516
2016,6,Línea B,12630398,5.8178664E7,4.60624154519913
2013,4,Línea 9,10626340,2.5423728E7,2.392519719865918
2018,3,Línea 2,22824157,9.1326041E7,4.001288678482189
2021,3,Línea 8,5792857,2.3752616E7,4.100328387184424
2013,4,Línea 1,21377661,5.965771629999999E7,2.790656859045524
2016,6,Línea A,8436662,2.6945497E7,3.193857594389819
2016,6,Línea 4,2478289,1.1472419E7,4.629169156623783
2016,6,Línea 8,11011828,4.8451287E7,4.399931328386168
2019,1,Línea 4,2410931,1.1030514E7,4.575209327848868
2013,4,Línea 2,25164222,6.909902625E7,2.7459234086394564
2021,3,Línea B,6438119,3.0579253E7,4.749718512503419
2015,12,Línea 3,17684905,8.0364522E7,4.54424391875444
2015,6,Línea A,6684121,1.8046173400000002E7,2.69985737840473
2015,10,Línea 12,4507527,2.4749802E7,5.490771769087573
2015,12,Línea 5,6952738,2.8493526E7,4.098173410245
2020,5,Línea 12,3116980,1.4581168E7,4.677979326142612
2016,1,Línea 4,2501463,1.2005601E7,4.7994317725267175
2018,8,Línea 8,11370266,4.8042124E7,4.225241872089888
2016,3,Línea 6,3636401,1.6787456E7,4.61650296543203
2012,11,Línea 5,6721856,1.76152893E7,2.6205990280065508
2013,6,Línea 4,2301135,7363965.5,3.2001449284809453
2014,11,Línea A,7982974,2.49438626E7,3.124632824809401
2019,5,Línea 8,11293168,4.390744E7,3.8879648297094316
2014,11,Línea 8,11287219,5.063517429999999E7,4.486062891133767
2019,5,Línea B,13004454,5.0093648E7,3.852037771059054
2017,1,Línea 9,9379117,3.6226157E7,3.8624272412850806
2016,3,Línea 7,7663834,3.4906895E7,4.554756144248427
2016,1,Línea 3,18014617,8.2240268E7,4.565196584529108
2019,3,Línea 5,6611903,2.4492178E7,3.7042554919514092
2019,11,Línea B,13107919,5.203756E7,3.969932984785762
2018,8,Línea 1,21647410,8.5045445E7,3.9286660621293725
2012,11,Línea 6,4777060,1.337847765E7,2.800567221261613
2016,1,Línea 1,21175370,8.4004503E7,3.9670854865818166
2012,11,Línea 9,10057773,2.54788878E7,2.5332534150452592
2020,5,Línea 7,2000551,9260474.0,4.628961721045852
2019,3,Línea 12,10731735,5.3403565E7,4.976228447683436
2019,11,Línea 1,20285370,7.7221136E7,3.8067403256632737
2013,6,Línea 6,3733792,1.14413263E7,3.064264506432067
2016,3,Línea 1,18818141,7.8987213E7,4.197397234934099
2019,5,Línea 6,4335131,1.6071835E7,3.7073470213472213
2012,11,Línea 2,25096233,7.06371751E7,2.8146525058163108
2013,6,Línea 8,10623039,3.05347635E7,2.8743906051742822
2016,3,Línea A,7313476,2.2683061E7,3.1015430966068664
2019,5,Línea 12,11651866,5.200316E7,4.46307569963472
2019,5,Línea 7,9658936,3.9211389E7,4.059597144033256
2012,11,Línea 12,5201991,2.3456839300000004E7,4.509204129726484
2019,11,Línea 7,9229424,3.851098E7,4.172630924746766
2020,5,Línea 9,2490829,9616535.0,3.8607768738841566
2014,9,Línea 3,20099905,8.32415155E7,4.141388504075019
2017,1,Línea 8,10828805,5.0557862E7,4.66883114064756
2014,11,Línea 9,9132403,3.5854457699999996E7,3.9260704657908763
2013,6,Línea 7,8038265,2.49521356E7,3.1041693201206977
2012,11,Línea 3,20113340,5.56066601E7,2.7646656447909694
2014,9,Línea 7,8226188,4.062878620000001E7,4.9389566832170635
2019,11,Línea 4,2520498,1.1645964E7,4.6205011866702534
2014,9,Línea B,13134717,5.8874566699999996E7,4.482362787108394
2014,9,Línea 2,23846482,9.618267509999998E7,4.033411515375726
2017,1,Línea 2,22471538,9.466818E7,4.212803769817625
2020,5,Línea 4,546782,1324687.0,2.422696796895289
2020,5,Línea 2,5168380,2.314475E7,4.478144021917893
2014,11,Línea B,12843516,5.83823168E7,4.545664660673915
2019,11,Línea 6,4448990,1.6274291E7,3.657974281803286
2017,1,Línea 12,9134364,4.77034926E7,5.222420805652151
2016,1,Línea 5,6651697,2.6365012E7,3.963651982343754
2012,11,Línea B,13804716,3.95474298E7,2.864776776284278
2016,1,Línea 12,7515797,4.162123029E7,5.537833218486343
2014,11,Línea 2,23220286,9.678390159999998E7,4.168075345841992
2018,8,Línea 9,9667399,3.6149978E7,3.7393696070680438
2018,8,Línea 4,2685503,1.1984093E7,4.462513354109081
2014,9,Línea 4,2618556,1.2182042E7,4.652198387202718
2016,1,Línea 6,3994193,1.9012985E7,4.760156807645499
2016,3,Línea 12,7237526,3.91996875E7,5.416172252783617
2019,3,Línea 2,21716689,9.0010623E7,4.144767326179419
2018,8,Línea 7,9144907,4.4312235E7,4.8455643124637575
2016,3,Línea B,13184338,4.8996590599999994E7,3.7162723376782356
2019,5,Línea 3,19373018,7.1288621E7,3.679789127331632
2019,11,Línea A,7121861,2.6925791E7,3.780724027048548
2013,6,Línea 2,23841580,6.59755313E7,2.767246604461617
2014,9,Línea 1,22520364,8.564908069999997E7,3.8031836741182325
2017,1,Línea 3,17847329,8.1466871E7,4.564653399956935
2017,1,Línea 1,20441731,8.612148E7,4.213022859952516
2019,5,Línea 9,8881152,3.1490721E7,3.545792370179004
2012,11,Línea 8,11034734,3.21452997E7,2.913101457633686
2014,9,Línea A,8172065,2.4916963200000003E7,3.049041239882454
2018,8,Línea 6,4321503,1.9140667E7,4.4291689719988625
2014,9,Línea 6,4096030,1.8435725E7,4.500876458424377
2013,6,Línea B,13319854,3.7471233900000006E7,2.8131865334259674
2014,9,Línea 5,7005569,2.82033705E7,4.025850077274237
2014,9,Línea 9,10264287,3.71613558E7,3.6204517469162734
2014,9,Línea 8,12429711,5.04482814E7,4.058684984711229
2016,1,Línea B,12762836,5.4396664E7,4.262114157072927
2019,11,Línea 12,11932915,5.2582207E7,4.406484668666457
2019,3,Línea 4,2482035,1.0514323E7,4.236170319918937
2019,11,Línea 2,23028407,9.2110178E7,3.99985018503451
2016,3,Línea 9,8312469,3.2592541E7,3.920921810355022
2018,8,Línea 12,11351744,5.6997731E7,5.021055002649813
2020,5,Línea 3,4932202,2.3083922E7,4.6802466727842855
2019,11,Línea 5,6536639,2.3398965E7,3.5796630347798004
2016,1,Línea 9,9108024,3.4551947E7,3.7935722391596682
2013,6,Línea 1,21646697,5.76063308E7,2.6612065018510673
2019,3,Línea A,6469590,2.7657052E7,4.274931178019009
2014,11,Línea 7,8060260,3.93025283E7,4.876086912829114
2018,8,Línea B,13349943,5.5966153E7,4.192239097949707
2012,11,Línea 1,21436673,5.9493801E7,2.7753281024532117
2019,11,Línea 8,11348504,4.4494514E7,3.9207382752828037
2014,11,Línea 4,2471600,1.17479114E7,4.753160462858068
2020,5,Línea 8,2889900,1.0966259E7,3.794684591162324
2014,11,Línea 1,21315363,8.527948039999998E7,4.000845793712262
2017,1,Línea 7,8716763,4.2009088E7,4.819344979323173
2016,3,Línea 5,6331058,2.4241912E7,3.8290459509295287
2013,6,Línea 9,9668386,2.46719239E7,2.551814118716402
2019,3,Línea 6,4157837,1.7006173E7,4.090149036626496
2019,3,Línea 1,19531696,7.2733015E7,3.7238453332470463
2013,6,Línea A,7014449,2.0354131E7,2.9017433871142266
2019,3,Línea 3,18128827,7.2840872E7,4.017958359909331
2016,1,Línea A,7761470,2.3847529E7,3.0725531374855537
2020,5,Línea 1,5476281,2.47304E7,4.515911436977029
2017,1,Línea 4,2531068,1.2168684E7,4.8077270148411655
2017,1,Línea 5,6618846,2.489324E7,3.760963769212941
2019,5,Línea A,6854257,2.4680716E7,3.600786489330645
2019,5,Línea 1,20273777,7.3717076E7,3.636080045666873
2014,11,Línea 3,19258346,8.270948969999997E7,4.294734848984434
2012,11,Línea A,7282744,2.14924991E7,2.9511540018432614
2016,3,Línea 3,16389519,7.3331351E7,4.4742832904370164
2020,5,Línea A,2074115,1.1206598E7,5.4030745643322575
2019,3,Línea 7,8634495,3.8427882E7,4.450507180790538
2012,11,Línea 4,2430660,7183296.3,2.95528634198119
2013,6,Línea 5,6562675,1.620115565E7,2.4686816961071516
2019,11,Línea 9,8563609,3.2372486E7,3.780238682079016
2019,5,Línea 2,23581122,8.7929284E7,3.7287998425180957
2019,5,Línea 5,6861590,2.3489647E7,3.4233533335567996
2019,5,Línea 4,2437564,1.0161852E7,4.168855463897564
2018,8,Línea 2,23462175,9.8995276E7,4.219356304349447
2012,11,Línea 7,7662916,2.4188449200000003E7,3.1565593567774988
2019,11,Línea 3,19435404,7.4449049E7,3.8305892174919545
2018,8,Línea A,8764662,2.8194625E7,3.2168525152481635
2019,3,Línea 8,11040802,4.548667E7,4.11987009639336
2017,1,Línea A,8284895,2.6787891E7,3.2333410381181658
2014,11,Línea 12,4390290,2.00292361E7,4.562166986691085
2016,1,Línea 8,10747338,4.6915099E7,4.365276220027694
2014,11,Línea 6,3890466,1.746515465E7,4.4892191963636225
2020,5,Línea 5,1931325,7563786.0,3.9163714030523087
2016,3,Línea 2,20588140,8.5378937E7,4.146996134667823
2020,5,Línea B,3594572,1.3919513E7,3.872370062416332
2016,3,Línea 8,9950858,4.4741973E7,4.496292982976946
2016,1,Línea 7,8029004,4.0598266E7,5.056451086585584
2013,6,Línea 12,7342140,2.61918831E7,3.5673363760429524
2018,8,Línea 3,20145930,8.4159562E7,4.177496993189195
2018,8,Línea 5,7832318,2.6111397E7,3.3338019472651648
2014,11,Línea 5,6686282,2.6027070900000002E7,3.892607416199317
2019,3,Línea B,12504648,5.1212593E7,4.095484575015626
2017,1,Línea 6,3893507,1.8088496E7,4.645810576428911
2016,3,Línea 4,2173644,1.0131102E7,4.660883750973021
2013,6,Línea 3,19272844,5.5914719599999994E7,2.9012178794162393
2014,9,Línea 12,3927842,2.1602066400000002E7,5.499728960584464
2020,5,Línea 6,1092066,3362560.0,3.079081300947012
2016,1,Línea 2,22486156,9.2055302E7,4.093865665612211
2019,3,Línea 9,8114520,3.2669624E7,4.026069810660396
2017,1,Línea B,12282678,5.7788105E7,4.704845718498849
2014,4,Línea 1,20142091,8.261805899999997E7,4.101761778357568
2020,9,Línea B,6325802,2.6159153E7,4.135310115618541
2021,9,Línea 7,4462628,2.3722003099999998E7,5.315702563601537
2019,7,Línea 5,6329956,2.1581551E7,3.4094314399657755
2018,12,Línea 4,2601035,1.1402376E7,4.383784147464374
2015,9,Línea A,8061084,2.3434184E7,2.907076021041339
2019,10,Línea 7,9299719,4.0526047E7,4.357771132654653
2020,2,Línea 5,6158912,2.7535487E7,4.4708362451030315
2015,9,Línea B,12910022,5.7479167E7,4.452290398885455
2020,9,Línea A,3990260,2.2104953E7,5.539727486429456
2013,8,Línea 3,22132166,5.93977253E7,2.683773711981014
2018,12,Línea 1,19992087,7.855057E7,3.929083041705451
2020,2,Línea 6,3978572,1.7493056E7,4.39681775270122
2016,5,Línea 7,8862178,4.2137316E7,4.754735912548812
2017,2,Línea 12,8855900,4.8271532E7,5.4507765444505925
2015,9,Línea 1,21333953,8.7595991E7,4.105942813317345
2020,2,Línea B,11759615,5.6138694E7,4.77385475629942
2013,8,Línea 9,10772813,2.70210336E7,2.5082616397407067
2019,8,Línea 2,23627725,9.1767899E7,3.8839075281263855
2015,9,Línea 5,7121364,2.8497845E7,4.001739694811275
2020,2,Línea 12,10900560,6.0393923E7,5.540442234160447
2019,8,Línea 9,8625823,3.2124029E7,3.724169740093206
2020,2,Línea 7,8654988,4.3403129E7,5.014810996849447
2015,9,Línea 7,8126281,4.325636E7,5.323020456713225
2018,12,Línea 3,16473565,7.106837E7,4.314085627488646
2013,8,Línea 5,7670170,1.90061735E7,2.4779338006849914
2019,8,Línea B,13123508,5.0784577E7,3.869741002177162
2020,2,Línea 3,18239532,8.3823506E7,4.595704867866127
2016,5,Línea B,13284230,5.82285253E7,4.383281929024113
2014,4,Línea 5,6414660,2.63182154E7,4.102823127024659
2020,9,Línea 3,8881206,4.2065429E7,4.736454598620953
2020,2,Línea 2,21098712,9.596921E7,4.548581448952903
2019,10,Línea 9,8578406,3.2203069E7,3.7539688608816135
2014,4,Línea 3,18357611,7.36326945E7,4.011017256003518
2019,7,Línea 2,21735080,8.4193197E7,3.8736087927902725
2018,12,Línea 5,6332576,2.3430514E7,3.699997283885736
2020,9,Línea 8,5784995,1.9296978E7,3.3356948450257953
2017,2,Línea 9,9103954,3.4389631E7,3.777439011664602
2021,9,Línea 8,7216191,3.2715692599999994E7,4.5336511464289115
2016,5,Línea 2,23191179,9.8627201E7,4.252789433430702
2018,12,Línea 9,8576491,3.1906702E7,3.7202513242303876
2017,2,Línea 6,3823177,1.8420511E7,4.8181161897552744
2019,7,Línea A,6339371,2.5777395E7,4.066238590547863
2016,5,Línea 6,4187841,1.972612E7,4.710331648216826
2014,4,Línea 12,3734082,1.929966569E7,5.168516837605602
2018,12,Línea 7,8065828,3.7684723E7,4.672145624726935
2021,9,Línea B,7503601,3.5477845300000004E7,4.728109250478537
2019,8,Línea 4,2533687,1.0502722E7,4.145232619498778
2018,12,Línea 6,3786858,1.5272562E7,4.033043224752552
2017,2,Línea 1,18454792,7.8968814E7,4.279041129263337
2021,9,Línea 2,10014413,4.83447654E7,4.827518637387932
2020,9,Línea 6,1748002,6023601.0,3.445992052640672
2019,8,Línea 7,9727719,3.9341748E7,4.044293220229737
2016,5,Línea 5,7147462,2.713704E7,3.7967379189983803
2017,2,Línea 2,21596273,8.9526031E7,4.145438937542603
2019,10,Línea 3,19571993,7.7238066E7,3.946356714924229
2020,9,Línea 4,1081682,2790934.0,2.5801797570820257
2019,7,Línea 8,10724492,3.9721387E7,3.7038012616355163
2020,9,Línea 12,5760105,2.629802E7,4.565545246137006
2013,8,Línea 4,2643753,8489618.5,3.2111995712156167
2019,7,Línea 6,3908964,1.4930153E7,3.8194654645067083
2017,2,Línea B,11772154,5.4535668E7,4.6325989279447075
2014,4,Línea B,12365307,5.29499281E7,4.2821361491469645
2013,8,Línea 8,11284126,3.32078377E7,2.942880795552974
2018,12,Línea 12,9851609,4.9555759E7,5.030219835155862
2017,2,Línea 5,6584179,2.4824425E7,3.7703144158140294
2021,9,Línea 5,3770007,1.5167091400000002E7,4.023093697173507
2013,8,Línea A,8077194,2.41071222E7,2.9845912082834705
2019,7,Línea 3,17182676,6.7229519E7,3.9126338062825603
2021,9,Línea 3,10079556,4.8112306900000006E7,4.773256570031458
2017,2,Línea A,8160119,2.6048442E7,3.1921644770131414
2019,7,Línea 12,10963129,5.0720574E7,4.626468775474593
2020,9,Línea 2,9443715,4.3537794E7,4.610240143841698
2014,4,Línea 7,7731022,3.5382316300000004E7,4.576667392745747
2014,4,Línea A,6911986,2.3999729800000004E7,3.472190163579614
2016,5,Línea 9,9980598,3.8820178E7,3.88956433271834
2013,8,Línea 12,8354510,3.22404643E7,3.8590491004259975
2018,12,Línea B,12644416,5.3657495E7,4.2435724196356714
2019,7,Línea 7,8981475,3.7752362E7,4.203358802423878
2019,10,Línea 1,20271485,7.5566842E7,3.727740814252138
2015,9,Línea 8,11282968,5.1086337E7,4.527739243787628
2020,9,Línea 1,10331788,4.2808339E7,4.143362116992722
2019,8,Línea 1,20446875,7.6491197E7,3.740972495797035
2019,8,Línea A,7117444,2.700104E7,3.7936427740070733
2015,9,Línea 9,9522811,3.7884182E7,3.978256210272366
2019,7,Línea B,12330215,4.8763588E7,3.9548043566150306
2016,5,Línea A,8218937,2.8155388E7,3.4256726873560415
2015,9,Línea 2,23021963,9.9181403E7,4.308121032077064
2019,8,Línea 5,7022693,2.4297817E7,3.4599002120696434
2014,4,Línea 6,3705726,1.6800456E7,4.53364765770594
2021,9,Línea 9,5478283,2.4427397600000005E7,4.4589513904265266
2021,9,Línea 6,2027223,7503501.399999999,3.7013695089292096
2020,9,Línea 5,3251824,1.2658903E7,3.892862282829575
2020,9,Línea 7,3881244,1.8199953E7,4.689206089593955
2016,5,Línea 12,8657213,4.86648027E7,5.621301301007611
2019,10,Línea 2,23025549,9.1308294E7,3.9655208221093883
2019,10,Línea B,13070624,5.0925263E7,3.8961615757595047
2020,9,Línea 9,4422100,1.6969455E7,3.8374200040704642
2014,4,Línea 8,9996900,4.65345298E7,4.654895997759305
2015,9,Línea 12,3916368,2.1770562700000003E7,5.558865433483269
2016,5,Línea 3,19768844,8.7783289E7,4.44048670726523
2016,5,Línea 4,2519158,1.2011687E7,4.768135623093113
2020,2,Línea 8,10539188,4.8053678E7,4.559523750786114
2013,8,Línea 1,23854877,6.51680455E7,2.7318541822705686
2016,5,Línea 8,11066048,5.2373818E7,4.7328384984413585
2015,9,Línea 6,4392342,1.9701498E7,4.485419851186451
2021,9,Línea 4,1453778,5262144.0,3.6196338092886258
2019,10,Línea 5,6529746,2.4545475E7,3.759024470477106
2015,9,Línea 4,2567215,1.2019988E7,4.682111938423545
2021,9,Línea A,4578871,2.4239424700000003E7,5.293755753328714
2017,2,Línea 7,8349926,3.9229589E7,4.698196007964621
2017,2,Línea 8,10425971,4.5184589E7,4.333849480302602
2013,8,Línea B,14447253,4.117101350000001E7,2.849746834225164
2018,12,Línea 2,21980466,8.3740221E7,3.809756399159144
2015,9,Línea 3,19405405,8.3096757E7,4.282144948791329
2016,5,Línea 1,22078186,8.6138626E7,3.901526420694164
2019,10,Línea 8,11301813,4.5030438E7,3.984355253444735
2019,7,Línea 4,2485558,9798980.0,3.942366261418965
2019,7,Línea 1,19628611,7.4168613E7,3.778597120295471
2014,4,Línea 4,2280486,1.0993890799999999E7,4.820854326665456
2019,8,Línea 8,11594416,4.2082384E7,3.629538909074851
2014,4,Línea 9,8834243,3.2515729200000003E7,3.6806469099842514
2019,8,Línea 12,11511324,5.214236E7,4.5296579264036
2014,4,Línea 2,22878991,9.366921069999997E7,4.094114583112515
2019,8,Línea 6,4440995,1.6538703E7,3.724098540980118
2019,7,Línea 9,7882251,3.0010856E7,3.807396643420769
2019,10,Línea 6,4289240,1.7001395E7,3.963731337020078
2018,12,Línea A,8354886,2.6654115E7,3.1902428112125047
2020,2,Línea 4,2497897,1.1867121E7,4.750844810654723
2019,10,Línea A,6968926,2.7476361E7,3.9426966221193913
2013,8,Línea 7,8690993,2.6978722800000004E7,3.1042163766556947
2020,2,Línea 9,7947353,3.6912913E7,4.644680184710557
2019,8,Línea 3,20255905,7.5377391E7,3.7212551599150965
2013,8,Línea 2,26176879,7.399929819999999E7,2.826895375877315
2019,10,Línea 12,11768467,5.4103677E7,4.597342797494355
2013,8,Línea 6,4441039,1.34660647E7,3.03218789567036
2017,2,Línea 3,18201625,7.8943711E7,4.337179290310618
2020,2,Línea A,6562287,3.1404246E7,4.785564240027905
2021,9,Línea 1,12009792,5.1268915999999985E7,4.268926222868805
2019,10,Línea 4,2522139,1.1685192E7,4.633048376794459
2017,2,Línea 4,2399989,1.1430725E7,4.762823912942935
2018,12,Línea 8,10649968,4.4196283E7,4.149898196877211
2020,2,Línea 1,18145208,8.4813618E7,4.674160693005007
2020,11,Línea A,4300097,2.3555896E7,5.477991775534366
2020,4,Línea 3,5454524,2.5094199E7,4.6006212457769005
2013,9,Línea 6,4198882,1.2890777700000001E7,3.0700500037867227
2018,10,Línea 2,24210263,9.786437E7,4.042267942318512
2020,6,Línea 5,2336165,9444491.0,4.04273285491393
2015,11,Línea A,8082358,2.4670382E7,3.052374319474589
2017,9,Línea 6,2959213,1.3692643E7,4.627123157407054
2018,4,Línea 7,8640130,4.2344278E7,4.900884361693632
2018,10,Línea 12,11748488,5.7237339E7,4.871889812544389
2020,4,Línea 1,5945946,2.4081113E7,4.050005331363588
2013,9,Línea 4,2527226,8094434.8,3.2028931326284233
2020,6,Línea 3,6056033,2.9024743E7,4.7926989499561845
2015,11,Línea 6,4456593,2.0705026E7,4.64593154456779
2017,9,Línea A,5882491,2.0142354E7,3.4241198159079205
2018,4,Línea 6,4160933,1.8773916E7,4.511948642287679
2018,10,Línea 8,11595636,4.7328246E7,4.081556716682035
2020,6,Línea 7,2522521,1.1552714E7,4.579828671396591
2015,11,Línea 9,9651136,3.7414998E7,3.8767454940019497
2018,6,Línea 2,21935640,9.2280779E7,4.206887923033018
2013,9,Línea 1,22653216,5.9322483E7,2.6187223482970365
2018,6,Línea 6,4078335,1.629787E7,3.9962067853670677
2018,4,Línea 5,7411713,2.6397803E7,3.5616331879013665
2019,9,Línea 2,21926163,8.2812471E7,3.7768792925602166
2017,9,Línea 7,6121580,3.0117887E7,4.919953182021635
2018,6,Línea 4,2430885,1.0870122E7,4.471672662425413
2018,6,Línea A,7570772,2.5046883E7,3.3083657782852263
2020,6,Línea 9,3081862,1.1645784E7,3.7788142363285573
2020,6,Línea 4,670409,1846596.0,2.7544319959905073
2020,11,Línea 5,3436945,1.4551223E7,4.233766615409906
2013,9,Línea 3,20507127,5.76341495E7,2.8104448516849776
2019,9,Línea 4,2368272,1.0159301E7,4.289752612875548
2020,11,Línea 4,1265190,3666533.0,2.8980097850915674
2020,6,Línea 6,1312848,4208302.0,3.205475424420801
2018,9,Línea 7,8778368,3.9612101E7,4.512467579395167
2018,9,Línea 1,19979290,7.5794626E7,3.7936596345515783
2017,9,Línea 12,6744383,3.636903E7,5.392491796506811
2017,9,Línea 1,14046078,5.8314011E7,4.151622324751436
2019,4,Línea 3,16405652,6.995682E7,4.264190170558293
2020,4,Línea 7,2253063,1.0840716E7,4.8115458822056905
2018,10,Línea 5,7673783,2.6315362E7,3.429255427212367
2018,6,Línea 9,9048333,3.2837906E7,3.6291663889912096
2018,10,Línea 1,21486214,8.3096353E7,3.8674264809984673
2015,11,Línea B,13202559,5.9385242E7,4.4980099691279545
2018,9,Línea 9,9269116,3.4047608E7,3.6732314063174956
2020,4,Línea 5,2187944,8058736.0,3.683246006296322
2017,9,Línea 8,7324499,3.4274971E7,4.679496986756364
2018,4,Línea 1,19261340,8.0336933E7,4.170890135369605
2013,9,Línea B,13665723,3.907282785E7,2.859184826884022
2019,4,Línea 1,18156740,7.0729747E7,3.8955091607854713
2019,9,Línea 3,18004698,7.0856079E7,3.9354216882726942
2019,4,Línea 12,9987457,4.879122E7,4.885249568533812
2020,4,Línea 2,5694557,2.4466368E7,4.296447994110868
2018,9,Línea 2,22252303,8.7326261E7,3.924369580982247
2013,9,Línea 2,23082951,6.28868869E7,2.724386795258544
2015,11,Línea 2,23211656,1.01220307E8,4.36075336460268
2020,4,Línea 8,3490999,1.3072624E7,3.7446656386896704
2013,9,Línea 7,8092805,2.5509793000000004E7,3.152157132168637
2019,4,Línea A,5935703,2.5333273E7,4.267948211020666
2020,6,Línea 12,3818429,1.644829E7,4.307606609943513
2018,6,Línea 7,8825961,4.1449558E7,4.696322360817139
2018,9,Línea A,8480460,2.6876558E7,3.1692335085596772
2015,11,Línea 1,21244108,8.853672E7,4.167589432326365
2020,4,Línea 9,2802693,1.0500034E7,3.7464089002969643
2018,4,Línea B,12336710,5.4105662E7,4.385744821755557
2019,9,Línea A,6516326,2.5725701E7,3.9478842832602297
2018,6,Línea 1,19756607,7.9190839E7,4.008321823681566
2020,4,Línea B,4086236,1.6227611E7,3.9712857994496646
2019,9,Línea 8,10476433,3.9913938E7,3.8098786104010784
2018,10,Línea 9,10127572,3.7662108E7,3.7187697110422913
2018,10,Línea 4,2736443,1.2574789E7,4.595304561432488
2020,4,Línea 12,3736085,1.6291223E7,4.360506519525118
2020,11,Línea 8,5817909,2.28627E7,3.9297108290968454
2020,11,Línea 7,4077100,1.8997462E7,4.65955262318805
2018,10,Línea 6,4742048,1.8763162E7,3.956763406865557
2020,6,Línea 2,6533190,2.9714021E7,4.548164219929315
2020,11,Línea 12,6078968,2.813579E7,4.628382646528161
2018,6,Línea B,12357328,5.1630395E7,4.1781196549933775
2020,6,Línea B,4359986,1.7332951E7,3.97546024230353
2020,11,Línea 2,10325667,4.7062774E7,4.557843478779628
2020,6,Línea A,2555704,1.3942245E7,5.455344202615013
2020,6,Línea 8,3605424,1.3705135E7,3.801254720665309
2018,9,Línea 12,10615424,5.2639588E7,4.958783370310974
2019,9,Línea B,12227746,4.8210914E7,3.9427474204976125
2018,10,Línea B,13498414,5.4744813E7,4.055647796844874
2018,4,Línea 3,19115381,7.9953149E7,4.182660497324118
2018,6,Línea 5,6955250,2.4283074E7,3.491330146292369
2018,10,Línea A,9558408,2.8041358E7,2.933684981850534
2015,11,Línea 8,11272807,5.1771251E7,4.59257849442468
2018,9,Línea 5,7232565,2.5665056E7,3.5485413542774937
2015,11,Línea 3,19032652,8.4627261E7,4.446425069927197
2018,4,Línea 12,10261294,5.3423474E7,5.206309652564287
2018,9,Línea 6,4200072,1.8250758E7,4.345344079815774
2018,9,Línea 3,18189908,7.8982777E7,4.342120751792697
2018,9,Línea B,12636640,5.4079389E7,4.279570281340609
2018,10,Línea 3,20066562,8.5399585E7,4.255815470532521
2020,11,Línea 6,1875683,5837840.0,3.112380930039884
2015,11,Línea 4,2571851,1.2430341E7,4.8332275081254705
2018,9,Línea 4,2475186,1.1377561E7,4.596648898305016
2015,11,Línea 5,7071649,2.7217599E7,3.84883341919261
2017,9,Línea B,8698755,3.7350128E7,4.293732608861843
2018,4,Línea 2,22897487,9.1251631E7,3.9852247104671354
2018,4,Línea 9,9301347,3.3351402E7,3.585652916722707
2019,9,Línea 1,18809281,6.8856694E7,3.6607828869163046
2020,11,Línea 3,9585711,4.6585362E7,4.859875495933479
2020,6,Línea 1,7079478,3.055888E7,4.316544242386232
2020,4,Línea 6,1231660,3632485.0,2.9492595359108846
2019,9,Línea 6,4072673,1.5617292E7,3.834654046617541
2018,10,Línea 7,10017402,4.4670953E7,4.459335164945961
2018,6,Línea 12,10425896,5.2578317E7,5.043050208826177
2019,9,Línea 12,10896678,5.0754433E7,4.657789557514684
2019,4,Línea 2,19877277,8.112467E7,4.0812768268007735
2018,9,Línea 8,10624664,4.7564853E7,4.476833620338488
2013,9,Línea A,7152454,2.1530613300000004E7,3.010241422035011
2017,9,Línea 5,5160110,1.8410887E7,3.567925296166167
2020,4,Línea 4,788879,1872167.0,2.3731991851728846
2017,9,Línea 2,15442535,6.6774675E7,4.324074706646286
2020,11,Línea 9,4551769,1.9038187E7,4.182590768556137
2017,9,Línea 9,6423103,2.5867631E7,4.0272794940389405
2015,11,Línea 7,8489429,4.0916744E7,4.819728629569786
2017,9,Línea 4,1796139,8512942.0,4.7395786183586015
2019,4,Línea 8,10089409,3.950062E7,3.915057859186797
2019,9,Línea 5,6265589,2.2008938E7,3.5126686413679544
2018,4,Línea 4,2444265,1.1803509E7,4.829062724377267
2013,9,Línea 5,7198851,1.82743968E7,2.538515771475198
2019,4,Línea 6,3663900,1.5510047E7,4.233206965255602
2020,11,Línea B,7019375,3.03506E7,4.32383225002226
2013,9,Línea 12,8088084,3.1409532E7,3.8834329613787393
2019,4,Línea 4,2148740,9849588.0,4.583890093729348
2019,4,Línea 9,7309158,3.0417482E7,4.161557596647931
2020,4,Línea A,2690498,1.3069233E7,4.8575516502892775
2019,9,Línea 7,8705661,3.734166E7,4.289353789448039
2019,4,Línea 7,7767626,3.6873096E7,4.747022578069542
2019,4,Línea B,11515903,4.790036E7,4.159496654322288
2020,11,Línea 1,11513450,5.1377498E7,4.462389466232971
2018,6,Línea 3,18073539,7.6663042E7,4.2417283078870165
2018,4,Línea A,8152607,2.6664766E7,3.270704205415519
2013,9,Línea 9,9971844,2.56569313E7,2.572937492804741
2019,9,Línea 9,8013112,3.0095689E7,3.7558053600149357
2019,4,Línea 5,5991149,2.3005461E7,3.8399080042909968
2017,9,Línea 3,13282641,5.7306729E7,4.314407729607388
2013,9,Línea 8,10766532,3.29607218E7,3.0614056411108055
2018,6,Línea 8,10915137,4.800501E7,4.398021756392064
2018,4,Línea 8,11030014,4.8178639E7,4.367958100506491
2015,11,Línea 12,5544968,3.1304092800000004E7,5.645495663816275
2019,6,Línea 9,8006625,3.0617377E7,3.824005370552511
2016,2,Línea 9,9292332,3.728992E7,4.0129775819460605
2021,2,Línea 4,973508,3171424.0,3.2577277228333
2012,3,Línea 7,7936077,2.4947763700000003E7,3.1435889167910043
2019,6,Línea 7,8853262,3.7541242E7,4.240385295273087
2018,11,Línea 1,19695897,7.542936E7,3.8296991500310953
2018,2,Línea 5,6794022,2.255663E7,3.320070202893073
2015,2,Línea 8,10750350,4.866923844999999E7,4.527223620626304
2012,1,Línea 7,7705294,2.41760106E7,3.137584445187945
2012,5,Línea A,8638795,2.20046005E7,2.547184011196006
2012,3,Línea B,14114320,3.85000712E7,2.7277312119889587
2015,2,Línea 9,9349164,3.5676174E7,3.815974775926489
2013,2,Línea A,6990342,2.01702283E7,2.8854422716370673
2012,3,Línea 5,6358606,1.78302503E7,2.8041130870508413
2019,6,Línea 8,10926538,4.2169076E7,3.8593263483822597
2014,2,Línea 7,7645898,3.45878769E7,4.523716756357461
2019,6,Línea 6,3880285,1.4737653E7,3.798085192195934
2018,11,Línea 12,10491594,5.4244356E7,5.170268311945735
2015,2,Línea 7,7494575,3.850804950000001E7,5.138123175763804
2013,2,Línea 9,9625461,2.30092997E7,2.390462098386768
2018,11,Línea B,12541195,5.2880085E7,4.216510866787416
2019,6,Línea A,6336390,2.4903079E7,3.9301682819397166
2019,6,Línea 4,2296531,1.0073297E7,4.386310047632712
2012,5,Línea 1,22300889,6.086216960000001E7,2.729136475231997
2014,2,Línea 2,22207771,9.032477859999998E7,4.067259996512031
2012,9,Línea 1,22060873,5.7394212E7,2.601629228362812
2021,2,Línea A,3620490,2.0833345E7,5.754288784114857
2018,11,Línea 6,4340460,1.7516166E7,4.035555217649742
2012,1,Línea 9,9187152,2.47265145E7,2.691423250643943
2018,11,Línea 7,9183327,3.8033889E7,4.14162416300759
2021,2,Línea 3,5704052,3.1302606E7,5.487784122585138
2014,2,Línea A,6920212,2.2390383450000003E7,3.235505422377234
2014,2,Línea 12,7587793,3.9521839099999994E7,5.208607970723502
2015,2,Línea 12,4169118,2.05346108E7,4.925408875450395
2012,3,Línea 8,12315944,3.3979345400000006E7,2.758972060931749
2019,6,Línea 5,6246519,2.1500086E7,3.4419307777659847
2021,2,Línea 2,5098640,2.5823944E7,5.064869063122715
2012,5,Línea 6,4835945,1.29835726E7,2.6848056791382033
2021,2,Línea 9,4063459,1.8066278E7,4.446034277692971
2016,2,Línea 4,2416533,1.1610684E7,4.804686714396203
2012,3,Línea A,8575707,2.24056625E7,2.612689834202591
2015,2,Línea 6,3895189,1.8318723E7,4.702909922984482
2018,2,Línea 9,8938022,3.2839786E7,3.6741670584386568
2012,1,Línea 8,11854698,3.13962595E7,2.64842339298732
2018,2,Línea 2,21574788,8.7845066E7,4.071653728416706
2018,11,Línea 3,17998599,7.7505425E7,4.306192109730318
2016,2,Línea 12,8045699,4.45807663E7,5.540943838440886
2012,9,Línea 2,25080024,7.06827704E7,2.8182895837739235
2018,2,Línea 12,8658174,4.8596445E7,5.612782210198132
2021,2,Línea 7,3267544,1.7307528E7,5.2968002879226725
2016,2,Línea 8,10732804,4.8521253E7,4.520836586599364
2012,9,Línea 9,9556451,2.5636667E7,2.6826556218412043
2012,1,Línea A,8162813,2.1860766E7,2.678092221394757
2016,2,Línea 7,8250302,4.0853144E7,4.951714979645594
2019,6,Línea 2,21829827,8.4428323E7,3.8675672051821572
2019,6,Línea 3,17925178,6.9140154E7,3.8571529945197756
2012,1,Línea B,13370067,3.7233376900000006E7,2.784830988505892
2018,2,Línea 1,18556963,7.5646135E7,4.076428616040244
2021,2,Línea 6,1315023,4365074.0,3.3193898509759907
2012,5,Línea 4,2428810,7193423.5,2.9617069676096524
2015,2,Línea 2,21981968,9.46703001E7,4.306725407843374
2012,9,Línea 3,20376291,5.641983799999999E7,2.76889636097168
2012,5,Línea 5,6101508,1.62046262E7,2.6558395399956862
2013,2,Línea 6,3693211,1.15408216E7,3.1248746957593267
2018,2,Línea B,11592923,5.2136898E7,4.497303915500862
2016,2,Línea 5,6875161,2.7935186E7,4.063204628953416
2014,2,Línea 8,9369597,4.43841226E7,4.737036459519016
2018,11,Línea 2,21940198,8.8529668E7,4.035044168698933
2016,2,Línea 2,22203268,9.5861372E7,4.317444260907899
2015,2,Línea 5,6442319,2.58967165E7,4.019781774233781
2012,5,Línea 2,26041490,7.108388077E7,2.7296395394426356
2018,11,Línea 4,2684700,1.1530724E7,4.294976719931464
2012,5,Línea 7,8303455,2.43834268E7,2.9365398861076506
2021,2,Línea B,5520776,2.5582436E7,4.633847850374657
2012,3,Línea 9,9919734,2.56198281E7,2.5827132158987327
2013,2,Línea 12,6146675,2.3646649900000002E7,3.847063640098102
2021,2,Línea 1,7627067,3.8373307E7,5.031200984598667
2013,2,Línea 7,7294461,2.44907586E7,3.3574459579672853
2014,2,Línea 9,9223727,3.2408499400000002E7,3.5136013240634725
2012,9,Línea A,7958169,1.9456138200000003E7,2.44480083295542
2019,6,Línea B,12025689,4.660188E7,3.875194178063311
2014,2,Línea B,12260273,5.19703908E7,4.2389260663282124
2016,2,Línea 6,4074887,1.8661164E7,4.5795537397724155
2018,2,Línea 7,8031755,4.1053776E7,5.11143280640408
2018,11,Línea 9,9179906,3.4061906E7,3.7104852707642104
2012,1,Línea 5,5898914,1.69537779E7,2.8740506981454548
2012,3,Línea 6,4924660,1.30024603E7,2.6402757347715378
2012,9,Línea 6,5026987,1.38611708E7,2.757351630310562
2016,2,Línea B,12625707,5.682278E7,4.50056222594109
2021,2,Línea 12,4530913,2.6504332E7,5.849666943505647
2018,2,Línea 6,4143898,1.6842091E7,4.06431118719621
2015,2,Línea 3,18599944,7.996752069999999E7,4.2993420141479985
2016,2,Línea A,8091564,2.4887121E7,3.0756873454872258
2015,2,Línea 1,20409216,8.210627569999997E7,4.022999986868676
2013,2,Línea 3,18608928,5.40566666E7,2.904878056382399
2012,9,Línea 4,2538722,7369031.6,2.9026540125307143
2012,1,Línea 4,2358252,7051621.5,2.9901899796968263
2019,6,Línea 1,18495595,7.1495209E7,3.865526305047229
2016,2,Línea 1,20176911,8.4112248E7,4.168737622919584
2014,2,Línea 1,19036825,7.994844799999999E7,4.199673422432574
2014,2,Línea 3,18823093,7.27604553E7,3.865488806754554
2013,2,Línea 8,10301929,3.0185257849999998E7,2.9300588122865143
2014,2,Línea 5,6526866,2.51937547E7,3.8600079578774866
2013,2,Línea 5,6348275,1.6389185200000001E7,2.5816753685056177
2015,2,Línea B,12205343,5.461255489999999E7,4.474479324341806
2012,9,Línea 5,5989540,1.7342213200000003E7,2.8954165428396843
2014,2,Línea 6,3808609,1.76066139E7,4.62284626749556
2016,2,Línea 3,18812274,8.132164E7,4.322796914397483
2013,2,Línea B,12793348,3.489491910000001E7,2.7275830455014596
2012,1,Línea 6,4709554,1.25376021E7,2.662163359842567
2012,5,Línea 3,20707135,5.50811651E7,2.660008982411135
2012,3,Línea 1,22051020,6.0834144199999996E7,2.758790486789273
2012,1,Línea 3,19642468,5.4988741699999996E7,2.7994823104713724
2012,1,Línea 1,21381411,5.94740635E7,2.781578049269059
2013,2,Línea 2,23046686,6.480151129999999E7,2.8117496502534025
2013,2,Línea 4,2189797,6866330.3,3.135601290895914
2012,9,Línea 8,12247361,3.3585940900000006E7,2.7423002310456925
2012,3,Línea 3,20914118,5.5844991900000006E7,2.670205451647543
2015,2,Línea A,7604261,2.4239203500000004E7,3.1875817387120198
2012,5,Línea 8,12499309,3.2812912599999998E7,2.6251781278469073
2018,11,Línea 5,7326963,2.4156642E7,3.296951547319128
2018,2,Línea 3,18257009,7.7622506E7,4.2516551314621145
2021,2,Línea 8,4851550,2.0169875E7,4.157408457091033
2018,11,Línea A,9131547,2.6118735E7,2.8602749347947287
2015,2,Línea 4,2334857,1.12774291E7,4.830029890481516
2012,5,Línea B,13762406,3.88030716E7,2.819497666323752
2013,2,Línea 1,19491370,5.38895658E7,2.764791074203609
2012,9,Línea 7,8023437,2.38765645E7,2.975852430822352
2012,1,Línea 2,25340553,7.04802415E7,2.781322155834563
2018,2,Línea 8,10168666,4.5804948E7,4.504518881827764
2019,6,Línea 12,10612586,4.9962763E7,4.707878268312737
2012,3,Línea 2,26477789,7.20415595E7,2.72082988122611
2018,2,Línea 4,2345032,1.0909613E7,4.652223509103501
2021,2,Línea 5,2740683,1.2071012E7,4.404380951755456
2012,5,Línea 9,9701597,2.4553300900000002E7,2.530851456724084
2018,11,Línea 8,11115844,4.7419753E7,4.265960641405187
2018,2,Línea A,7942896,2.6665229E7,3.357116724177177
2012,9,Línea B,13815494,3.78316505E7,2.738349457500398
2014,2,Línea 4,2332654,1.06757401E7,4.576649644567947
2012,3,Línea 4,2438584,7344530.3,3.0118012338307802
2012,10,Línea B,14684836,3.93030667E7,2.6764389265225708
2012,8,Línea 2,26549589,7.040407160000001E7,2.651795159616219
2012,2,Línea A,8281116,2.08349755E7,2.515962280929285
2012,10,Línea 4,2733815,7954825.5,2.909789250552799
2012,8,Línea 1,23032483,6.15772378E7,2.6734954194908123
2012,4,Línea 4,2173087,6591874.3,3.033414814961389
2012,2,Línea 2,24610281,6.66938462E7,2.709999377902268
2012,4,Línea 8,11039462,3.06326465E7,2.7748314637071987
2012,2,Línea 9,9052996,2.37585553E7,2.624385927045588
2012,2,Línea 1,20362434,5.6043170599999994E7,2.7522824923582316
2012,8,Línea A,5821607,1.46360633E7,2.5140933250904776
2012,10,Línea 8,12919856,3.59797075E7,2.784838120486792
2012,7,Línea A,5298731,1.21741673E7,2.2975628126809986
2012,7,Línea 6,4573416,1.26592219E7,2.7680014020154737
2019,2,Línea 3,17387720,7.0259723E7,4.040766874552846
2012,6,Línea 6,4469508,1.24358498E7,2.7823755545353093
2012,4,Línea 7,7140121,2.1436592150000002E7,3.00227295167687
2012,7,Línea 5,5867968,1.6387540400000002E7,2.7927112758624455
2012,6,Línea 7,7364083,2.3947338400000002E7,3.2519104415308737
2012,6,Línea B,12695969,3.73031916E7,2.9381917677965346
2019,2,Línea 8,10414878,4.1569432E7,3.991350834834551
2012,2,Línea 6,4792793,1.299177E7,2.7106887361920284
2019,2,Línea 6,3891559,1.5835295E7,4.069139129073978
2012,8,Línea 6,5190839,1.34017326E7,2.5818047140356306
2012,10,Línea 1,22958299,6.2467070400000006E7,2.720892797850573
2012,4,Línea 1,20901223,5.4895244449999996E7,2.6264130309503897
2019,2,Línea 2,20188636,8.3366074E7,4.129356435967244
2012,4,Línea 6,4270943,1.18851451E7,2.7827917862635956
2012,4,Línea A,7698865,2.0427925400000002E7,2.6533684380749634
2012,8,Línea 8,12912509,3.52871735E7,2.7327898474262438
2019,2,Línea A,6093849,2.5052247E7,4.111071180135904
2019,2,Línea 5,5845854,2.2125832E7,3.7848759137672614
2012,7,Línea 7,7825131,2.32938991E7,2.976806279664839
2012,4,Línea 3,17830229,5.08756466E7,2.8533366901793578
2019,2,Línea 7,8405816,3.7301866E7,4.437625805751637
2019,2,Línea 12,10310337,4.9737914E7,4.8240822778149735
2012,6,Línea 8,11689123,3.34379464E7,2.860603520041666
2012,7,Línea 8,11946758,3.2935499200000003E7,2.7568566467990734
2012,10,Línea 9,10312773,2.79719325E7,2.7123580146678297
2012,7,Línea 9,9193496,2.47838481E7,2.6958023476596935
2012,10,Línea 5,6574992,1.84778464E7,2.810322263509978
2019,2,Línea 4,2206837,9954736.0,4.510861472777554
2012,8,Línea 3,21685034,5.902082250000001E7,2.721730687625392
2012,8,Línea 5,6714497,1.83819213E7,2.737646811071626
2012,7,Línea B,13199252,3.71627458E7,2.815519076384025
2012,10,Línea 3,22156295,6.20644142E7,2.8012090559364733
2012,8,Línea 9,9872876,2.6232603700000003E7,2.657037696006716
2012,10,Línea 7,8614342,2.72024572E7,3.157810219283144
2012,2,Línea 3,19531670,5.32189393E7,2.7247510991123645
2012,2,Línea B,12924281,3.58414202E7,2.7731848448668055
2012,7,Línea 1,22275767,5.89568506E7,2.646681059287431
2012,10,Línea A,8621549,2.3408649900000002E7,2.715132733108633
2012,6,Línea 3,18454291,5.37718748E7,2.9137870861579023
2012,2,Línea 7,7694633,2.3190741200000003E7,3.0138852886161045
2012,6,Línea 9,8999003,2.46553603E7,2.739787985402383
2012,4,Línea 2,23494697,6.3424504E7,2.699524237320447
2012,6,Línea A,7714687,2.14496131E7,2.7803607716035663
2012,8,Línea B,14268862,3.97003094E7,2.7823038305367307
2012,2,Línea 8,11518706,3.17982686E7,2.760576457112457
2012,2,Línea 5,5956923,1.66122547E7,2.788730809513569
2012,7,Línea 3,19149836,5.31538346E7,2.7756809301134484
2012,10,Línea 2,27401192,7.542010799999999E7,2.7524389449918814
2012,4,Línea B,12476058,3.59008484E7,2.8775794726186747
2019,2,Línea 1,18126342,6.7324516E7,3.7141810520843093
2012,8,Línea 7,8319302,2.4698450400000002E7,2.9688128162675187
2019,2,Línea 9,7727299,3.073722E7,3.977744358022124
2012,6,Línea 5,5587914,1.6423049E7,2.939030378778199
2012,6,Línea 1,20567931,5.8478727099999994E7,2.8431993038094108
2012,7,Línea 4,2443269,6973190.5,2.854041245560763
2012,10,Línea 6,5348852,1.51142953E7,2.8257082641284526
2012,7,Línea 2,25130038,6.248014439999999E7,2.4862733753128423
2012,8,Línea 4,2651365,7476469.0,2.819856564448878
2012,6,Línea 2,24067839,6.82414936E7,2.835381007825422
2012,4,Línea 5,5703099,1.56191888E7,2.738719562820144
2012,2,Línea 4,2290444,6653946.0,2.9050900174813266
2012,6,Línea 4,2329674,6933938.2,2.9763555759303664
2012,4,Línea 9,8483453,2.32885843E7,2.7451775002466565
2019,2,Línea B,11606649,4.5071547E7,3.883252349579969
